gauge_id,pilot_split,original_split,camelsh_huc02,state,gauge_name,drain_sqkm_attr,obs_years_usable,first_obs_year_usable,last_obs_year_usable,actual_valid_target_count,sampling_seed,stratum_source_count,stratum_selected_count,area,slope,aridity,snow_fraction,soil_depth,permeability,forest_fraction,baseflow_index
01059000,train,train,01,ME,"Androscoggin River near Auburn, Maine",8444.24,32,1991,2024,93475,20261719,112,18,8444.24,11.79732,0.932155027457626,0.208855588469374,52.14495,3.915301,0.7942453,49.43612
01069500,train,train,01,ME,"MOUSAM RIVER NEAR WEST KENNEBUNK, ME",264.5136,16,2009,2024,18427,20261719,112,18,264.5136,4.263148,0.978659383976318,0.116707994440839,55.45279,10.27942,0.6540604999999999,54.47829
01075000,train,train,01,NH,"PEMIGEWASSET RIVER AT WOODSTOCK, NH",504.288,18,2002,2024,68280,20261719,112,18,504.288,24.98763,0.819221353993636,0.230881800829796,43.31059,5.370974,0.9502052,47.29798
01082000,train,train,01,NH,"CONTOOCOOK RIVER AT PETERBOROUGH, NH",175.023,20,2002,2024,68749,20261719,112,18,175.023,6.412545,1.04951114883155,0.146445507146421,54.3644,5.638893,0.7534426999999999,46.17659
01105880,train,train,01,MA,"HERRING RIVER AT NORTH HARWICH, MA",25.5222,17,2008,2024,26658,20261719,112,18,25.5222,2.026709,0.633630134790232,0.0160654652040463,59.03433,18.25317,0.43176528,62.67191
01110000,train,train,01,MA,"QUINSIGAMOND RIVER AT NORTH GRAFTON, MA",66.08279,33,1991,2024,90926,20261719,112,18,66.08279,4.575836,1.09206649054738,0.0888292254130539,51.46336,5.440863,0.26713707,53.55557
01117468,train,train,01,RI,"BEAVER RIVER NEAR USQUEPAUG, RI",25.3413,34,1991,2024,94739,20261719,112,18,25.3413,4.347124,1.11734984329086,0.0515671662358887,55.95877,5.569793,0.73068869,66.49068
01118300,train,train,01,CT,"PENDLETON HILL BROOK NEAR CLARKS FALLS, CT.",10.3644,30,1991,2024,86620,20261719,112,18,10.3644,4.700582,1.22429453251157,0.0422631410520998,54.75,5.083,0.7615491994999999,62.38355
01123000,train,train,01,CT,"LITTLE RIVER NEAR HANOVER, CT.",77.85271,29,1991,2024,82271,20261719,112,18,77.85271,5.144693,1.1628211526417,0.0555663256822518,56.58285,4.726579,0.6785891700000001,50.0243
01129200,train,train,01,NH,"CONNECTICUT R BELOW INDIAN STREAM NR PITTSBURG, NH",658.7442,31,1992,2024,92410,20261719,112,18,658.7442,10.01239,0.886948870442307,0.249287629053784,51.88986,1.943412,0.8545560000000001,49.09609
01144000,train,train,01,VT,"WHITE RIVER AT WEST HARTFORD, VT",1790.244,19,1992,2024,75598,20261719,112,18,1790.244,17.90498,1.02001627873765,0.197408949501374,46.91476,2.667053,0.8376457,48.70612
01157000,train,train,01,NH,"ASHUELOT RIVER NEAR GILSUM, NH",182.5785,12,2010,2024,10993,20261719,112,18,182.5785,9.06261,1.01043011519487,0.177879482055481,54.11325,3.994968,0.8662362,44.4062
01170500,train,train,01,MA,"CONNECTICUT RIVER AT MONTAGUE CITY, MA",20389.69,31,1994,2024,94812,20261719,112,18,20389.69,12.64952,0.983765512484123,0.182112376230231,50.02359,3.393022,0.8082173,47.31102
01183500,train,train,01,MA,"WESTFIELD RIVER NEAR WESTFIELD, MA",1292.801,34,1991,2024,92285,20261719,112,18,1292.801,9.491315,0.979449746466119,0.109694652997088,47.40575,3.573973,0.7920533399999999,44.78721
01189000,train,train,01,CT,"PEQUABUCK R AT FORESTVILLE, CT.",116.4466,22,1991,2024,79366,20261719,112,18,116.4466,6.123164,1.03949911595155,0.0716473385783441,55.49303,6.01209,0.501970681,51.97882
01195490,train,train,01,CT,"QUINNIPIAC RIVER AT SOUTHINGTON, CT.",47.5542,30,1991,2024,90235,20261719,112,18,47.5542,4.517357,1.05150145469456,0.061955463042198,50.69854,6.215942,0.265017636,50.64823
01196620,train,train,01,CT,"MILL R NR HAMDEN, CT.",63.81,28,1992,2024,86713,20261719,112,18,63.81,5.954959,1.09773700752463,0.0498142257231122,52.70474,5.654779,0.582750307,49.3235
01382500,train,train,02,NJ,PEQUANNOCK R AT MACOPIN INTAKE DAM NJ,164.1465,40,1982,2024,90817,20261720,182,28,164.1465,8.350098,1.08409895360325,0.090187303103988,56.17281,2.238019,0.7210351989999999,44.58653
01555000,train,train,02,PA,"Penns Creek at Penns Creek, PA",792.6156,34,1989,2024,85889,20261720,182,28,792.6156,13.68518,1.22565260996693,0.109819059618821,49.78851,5.533962,0.71573804,54.60516
01585500,train,train,02,MD,"CRANBERRY BRANCH NEAR WESTMINSTER, MD",8.415,31,1991,2024,92830,20261720,182,28,8.415,5.919144,1.40370052071452,0.067759010383235,59.31,2.0205,0.2440642,56.16727
01589197,train,train,02,MD,"GWYNNS FALLS NEAR DELIGHT, MD",10.6209,26,1999,2024,92254,20261720,182,28,10.6209,3.174648,1.39085008271166,0.0601883663269003,58.61924,1.775594,0.191678631,62.84459
01589300,train,train,02,MD,"GWYNNS FALLS AT VILLA NOVA, MD",84.519,28,1997,2024,91298,20261720,182,28,84.519,3.643466,1.39085008271166,0.0601883663269003,58.82689,1.674044,0.252071165,57.71772
01613050,train,train,02,PA,"Tonoloway Creek near Needmore, PA",27.8982,33,1992,2024,86537,20261720,182,28,27.8982,14.88402,1.44622517041861,0.0994413478613242,37.34222,7.041558,0.74756433,36.33593
01614500,train,train,02,MD,"CONOCOCHEAGUE CREEK AT FAIRVIEW, MD",1309.48,31,1992,2024,91029,20261720,182,28,1309.48,7.817539,1.39716967478199,0.0789397718039166,49.78442,3.842499,0.38221234,48.17442
01617000,train,train,02,WV,"TUSCARORA CREEK ABOVE MARTINSBURG, WV",29.8539,18,2007,2024,39501,20261720,182,28,29.8539,7.668673,1.52628800042652,0.0630114908547418,65.64315,2.319442,0.36941907,51.67258
01618000,train,train,02,WV,"POTOMAC RIVER AT SHEPHERDSTOWN, WV",15422.54,11,1991,2024,17280,20261720,182,28,15422.54,14.20337,1.51572903005492,0.0822355492304773,40.35056,4.479584,0.71086848,41.20106
01638350,train,train,02,VA,"S F CATOCTIN CREEK AT RT 698 NEAR WATERFORD, VA",81.8712,23,2002,2024,78379,20261720,182,28,81.8712,4.607556,1.41079377297794,0.0573009504995701,53.05887,3.158184,0.24918653,45.97071
01638500,train,train,02,MD,"POTOMAC RIVER AT POINT OF ROCKS, MD",25001.5,30,1992,2024,91868,20261720,182,28,25001.5,13.04293,1.54941772290715,0.0720539014088292,42.80474,3.990541,0.63876596,43.61692
01653600,train,train,02,MD,"PISCATAWAY CREEK AT PISCATAWAY, MD",102.7305,27,1992,2024,85680,20261720,182,28,102.7305,2.845059,1.22627492651448,0.0309952499838496,57.87696,3.871922,0.45007669,39.50448
01656000,train,train,02,VA,"CEDAR RUN NEAR CATLETT, VA",241.2711,33,1991,2024,89442,20261720,182,28,241.2711,3.391551,1.5722151086381,0.0428484713964011,40.85727,2.722497,0.341910428,35.37766
01656903,train,train,02,VA,"FLATLICK BRANCH ABOVE FROG BRANCH AT CHANTILLY, VA",10.8702,16,2008,2024,26540,20261720,182,28,10.8702,2.075938,1.50890451140056,0.0482472953476535,38.05652,2.801919,0.127421791,27.0
01660400,train,train,02,VA,"AQUIA CREEK NEAR GARRISONVILLE, VA",90.6984,25,1991,2024,82919,20261720,182,28,90.6984,3.006392,1.5855570879161,0.0341788804928181,48.73127,2.143328,0.652258517,30.7815
01661050,train,train,02,MD,"ST CLEMENT CREEK NEAR CLEMENTS, MD",47.85433,27,1991,2024,83738,20261720,182,28,47.85433,2.38394,1.18894158239668,0.0195034553644551,57.97538,3.93788,0.51487799,48.31191
01671100,train,train,02,VA,"LITTLE RIVER NEAR DOSWELL, VA",277.6545,32,1991,2024,86967,20261720,182,28,277.6545,2.675034,1.56385859569641,0.0371296985090382,56.85059,2.554023,0.62340322,41.75473
01673000,train,train,02,VA,"PAMUNKEY RIVER NEAR HANOVER, VA",2796.263,22,2003,2024,69562,20261720,182,28,2796.263,3.140947,1.56378169459002,0.0354899758416992,53.31706,2.343573,0.57851708,43.16385
02011800,train,train,02,VA,"JACKSON RIVER BL GATHRIGHT DAM NR HOT SPGS, VA",895.0734,34,1991,2024,94841,20261720,182,28,895.0734,22.70191,1.43414587972874,0.0842929462494349,36.13312,5.619608,0.856165694,40.7261
02017500,train,train,02,VA,"JOHNS CREEK AT NEW CASTLE, VA",276.1497,33,1991,2024,90810,20261720,182,28,276.1497,17.25391,1.52396922721661,0.0617939586762282,39.76696,5.444149,0.91836599,48.06064
02018500,train,train,02,VA,"CATAWBA CREEK NEAR CATAWBA, VA",91.63204,34,1991,2024,92156,20261720,182,28,91.63204,17.45386,1.49405444023608,0.0533541407926403,41.99146,3.688716,0.765809995,49.36431
02027500,train,train,02,VA,"PINEY RIVER AT PINEY RIVER, VA",123.3423,32,1991,2024,83226,20261720,182,28,123.3423,25.64243,1.39823599004744,0.0673474803884546,43.7709,2.888837,0.8653746800000001,49.52045
02028500,train,train,02,VA,"ROCKFISH RIVER NEAR GREENFIELD, VA",245.4534,26,1999,2024,91241,20261720,182,28,245.4534,18.48092,1.50356021467984,0.0391778308935238,50.54598,3.165871,0.7808313,51.93999
02035000,train,train,02,VA,"JAMES RIVER AT CARTERSVILLE, VA",16207.12,29,1995,2024,91907,20261720,182,28,16207.12,13.70488,1.50471087939473,0.047281583508128,45.8042,3.383429,0.7654195,46.78583
02038850,train,train,02,VA,"HOLIDAY CREEK NEAR ANDERSONVILLE, VA",22.00359,31,1991,2024,85253,20261720,182,28,22.00359,4.048438,1.52382773504498,0.0395876395618808,57.70572,1.271572,0.90233129,52.80049
02040000,train,train,02,VA,"APPOMATTOX RIVER AT MATTOAX, VA",1878.608,31,1991,2024,86560,20261720,182,28,1878.608,4.192598,1.57436278107347,0.0319558207973073,56.22654,1.656693,0.652595,46.69382
02042500,train,train,02,VA,"CHICKAHOMINY RIVER NEAR PROVIDENCE FORGE, VA",646.929,34,1991,2024,95061,20261720,182,28,646.929,1.766248,1.53813280525825,0.0270174923809,59.82879,4.534142,0.35731274,46.2821
02044500,train,train,03,VA,"NOTTOWAY RIVER NEAR RAWLINGS, VA",819.7965,34,1991,2024,94343,20261721,171,26,819.7965,3.372901,1.55065575677873,0.0293622551958473,57.65123,2.204458,0.6662004,41.0206
02062500,train,train,03,VA,"ROANOKE (STAUNTON) RIVER AT BROOKNEAL, VA",6229.019,33,1991,2024,91192,20261721,171,26,6229.019,9.991193,1.45434902158677,0.0405132898440392,53.1177,2.11781,0.6251639099999999,53.31227
02070500,train,train,03,NC,"MAYO RIVER NEAR PRICE, NC",672.642,29,1995,2024,94382,20261721,171,26,672.642,9.218547,1.2925303319764,0.0283236848051027,54.70608,1.95541,0.7354425299999999,54.34386
02074500,train,train,03,VA,"SANDY RIVER NEAR DANVILLE, VA",288.531,33,1991,2024,93339,20261721,171,26,288.531,4.617927,1.4324186699409,0.0347833384465709,58.48582,1.670419,0.58679623,51.75774
02075045,train,train,03,VA,"DAN RIVER AT STP NEAR DANVILLE, VA",5483.278,29,1996,2024,92579,20261721,171,26,5483.278,7.567957,1.38522603519139,0.0283020889481976,55.44209,1.877164,0.6723391700000001,51.87725
0209553650,train,train,03,NC,"BUFFALO CREEK AT SR2819 NR MCLEANSVILLE, NC",229.7493,26,1999,2024,95322,20261721,171,26,229.7493,2.626655,1.58107301151657,0.0224575153757422,48.74096,1.321311,0.1700192549999999,36.49484
02104220,train,train,03,NC,"ROCKFISH CREEK AT RAEFORD, NC",241.7823,34,1991,2024,96095,20261721,171,26,241.7823,2.907963,1.58199139908584,0.0143407991484707,59.97385,5.992592,0.568787339,59.89633
02163001,train,train,03,SC,"SALUDA RIVER NEAR WILLIAMSTON, SC",1087.174,17,2008,2024,28074,20261721,171,26,1087.174,11.21441,1.17813987371644,0.0138329377756722,53.25977,2.001572,0.66432884,64.16968
02218565,train,train,03,GA,"APALACHEE RIVER AT FENCE ROAD, NEAR DACULA, GA",14.832,23,2002,2024,80607,20261721,171,26,14.832,3.987862,1.34412897721708,0.0121118080284036,57.74617,1.855896,0.27688102,55.6216
02232000,train,train,03,FL,ST. JOHNS RIVER NEAR MELBOURNE FLA,2575.944,29,1994,2024,89848,20261721,171,26,2575.944,0.01102182,1.61726495106155,0.0,58.43781,10.80073,0.000640076,48.11968
02298880,train,train,03,FL,MYAKKA RIVER AT CONTROL NEAR LAUREL FL,682.3655,17,2008,2024,24429,20261721,171,26,682.3655,0.08872114,1.63652957659157,0.0,59.1875,11.02546,9.232587e-06,27.74888
02303420,train,train,03,FL,CYPRESS CREEK AT WORTHINGTON GARDENS FL,292.1625,32,1993,2024,94054,20261721,171,26,292.1625,0.5080604,1.63138765417689,0.0,59.05285,9.882187,0.01647131,36.76191
02304510,train,train,03,FL,HILLSBOROUGH RIVER AT ROWLETT PK DR NEAR TAMPA FL,1601.19,10,2004,2024,45910,20261721,171,26,1601.19,0.4020987,1.66284249896981,0.0,58.74055,10.47703,0.0155398799999999,38.52416
02324500,train,train,03,FL,"FENHOLLOWAY RIVER AT FOLEY, FLA.",312.1136,15,1987,2001,23355,20261721,171,26,312.1136,0.1735021,1.43711729715259,0.0001133487420413,59.48415,7.732525,0.2893860136,55.75625
02342500,train,train,03,AL,"UCHEE CREEK NEAR FORT MITCHELL, AL.",830.574,30,1995,2024,96236,20261721,171,26,830.574,3.40045,1.45931985543708,0.003237435768032,59.41056,3.656746,0.51914379,49.91499
02343940,train,train,03,GA,"SAWHATCHEE CREEK AT CEDAR SPRINGS, GA",168.3378,23,2002,2024,77944,20261721,171,26,168.3378,1.143476,1.5115614642215,0.0008805767165936,60.0,3.200448,0.45984319,56.53767
02371500,train,train,03,AL,CONECUH RIVER AT BRANTLEY AL,1292.785,30,1995,2024,94166,20261721,171,26,1292.785,3.400862,1.34452443168806,0.0023666569079143,59.68193,2.836476,0.5973332,41.43511
02372250,train,train,03,AL,PATSALIGA CREEK NEAR BRANTLEY AL,1145.223,30,1995,2024,94028,20261721,171,26,1145.223,3.255188,1.32238726873151,0.002398095532137,59.86735,3.159428,0.58404839,38.79172
02374500,train,train,03,AL,MURDER CREEK NEAR EVERGREEN AL,445.7151,29,1995,2024,95829,20261721,171,26,445.7151,3.391598,1.34994366852016,0.001128764922755,59.84145,2.457714,0.64013935,42.91093
02400100,train,train,03,AL,TERRAPIN CREEK AT ELLISVILLE AL,654.7608,30,1995,2024,93823,20261721,171,26,654.7608,9.020157,1.3504109887081,0.0062576894959608,49.03501,1.970917,0.68154205,44.98101
02419890,train,train,03,AL,TALLAPOOSA RIVER NEAR MONT.-MONT. WATER WORKS,12066.89,26,1996,2024,77081,20261721,171,26,12066.89,4.24171,1.37514366586425,0.0040326302493623,52.28305,2.432414,0.59640277,47.49562
02425000,train,train,03,AL,CAHABA RIVER NEAR MARION JUNCTION AL,4572.621,27,1995,2024,92564,20261721,171,26,4572.621,5.748581,1.29928587593511,0.0034924431433311,51.49054,1.836213,0.6296614,36.41018
02450180,train,train,03,AL,"MULBERRY FORK NEAR ARKADELPHIA, AL.",1264.127,26,1995,2024,81836,20261721,171,26,1264.127,5.199351,1.20457518298357,0.0070356535659358,35.29707,2.007873,0.3758623699999999,34.27752
02455980,train,train,03,AL,TURKEY CREEK AT SEWAGE PLANT NEAR PINSON AL,71.4042,30,1995,2024,93445,20261721,171,26,71.4042,9.436038,1.29331161974064,0.0063103960977552,53.04665,1.721001,0.56193758,39.88942
02461500,train,train,03,AL,"VALLEY CREEK NEAR BESSEMER, AL",138.8301,30,1995,2024,94555,20261721,171,26,138.8301,3.589668,1.33877023003609,0.0051262889848354,39.75188,1.241982,0.09424631,35.44096
02479945,train,train,03,AL,"BIG CREEK AT COUNTY RD 63 NEAR WILMER, AL.",81.999,30,1995,2024,95947,20261721,171,26,81.999,3.486477,1.22591578746774,0.000820432360524,60.0,4.223618,0.4075842931,41.90126
03032500,train,train,05,PA,"Redbank Creek at St. Charles, PA",1376.622,31,1992,2024,81800,20261723,182,28,1376.622,9.426985,1.19969463030794,0.104876113282802,45.2989,2.367303,0.6453654400000001,39.53799
03044000,train,train,05,PA,"Conemaugh River at Tunnelton, PA",3525.936,15,2010,2024,10799,20261723,182,28,3525.936,9.713118,1.23844406952897,0.114545758334633,42.74677,3.638171,0.67817249,41.16764
03048500,train,train,05,PA,"Kiskiminetas River at Vandergrift, PA",4728.982,33,1992,2024,92181,20261723,182,28,4728.982,10.04097,1.23945750914173,0.104959635353647,42.53978,3.300189,0.677019117,40.34098
03057000,train,train,05,WV,"TYGART VALLEY RIVER AT COLFAX, WV",3514.229,14,2011,2024,2157,20261723,182,28,3514.229,16.14923,1.11363225880584,0.0775184721365314,37.60358,2.907328,0.8115900770000001,31.2588
03095500,train,train,05,OH,Mosquito Creek bl Mosquito Ck Dam nr Cortland OH,245.4543,17,2008,2024,28142,20261723,182,28,245.4543,0.6155036,1.32046226518172,0.101485188673398,56.05801,1.114298,0.2988739344,34.75674
03117000,train,train,05,OH,Tuscarawas River at Massillon OH,1336.8,34,1991,2024,90542,20261723,182,28,1336.8,2.39481,1.45096133205179,0.0768700795670085,58.09758,1.884693,0.191383367,43.5248
03145483,train,train,05,OH,Raccoon Creek near Granville OH,205.7877,14,2008,2024,24310,20261723,182,28,205.7877,1.697208,1.41371310518041,0.0583964626816573,59.42756,1.096411,0.247234916,27.46799
03155000,train,train,05,WV,"LITTLE KANAWHA RIVER AT PALESTINE, WV",3924.7,28,1997,2024,94051,20261723,182,28,3924.7,18.32353,1.27275154688755,0.0452654352214886,38.67699,1.242699,0.8813333110000001,24.84255
03157000,train,train,05,OH,Clear Creek near Rockbridge OH,228.8763,29,1991,2024,85745,20261723,182,28,228.8763,5.715297,1.49344079825877,0.056238482009025,53.77427,1.893192,0.3792542303,31.9958
03165000,train,train,05,VA,"CHESTNUT CREEK AT GALAX, VA",101.9961,34,1991,2024,91822,20261723,182,28,101.9961,9.565039,1.33441572697122,0.0326551938810056,51.09103,3.296947,0.4888069,61.71142
03167000,train,train,05,VA,"REED CREEK AT GRAHAMS FORGE, VA",668.9571,33,1992,2024,93359,20261723,182,28,668.9571,12.00169,1.5143583011127,0.044768872512271,45.00861,2.50293,0.51330851,51.11784
03168000,train,train,05,VA,"NEW RIVER AT ALLISONIA, VA",5728.39,34,1991,2024,94536,20261723,182,28,5728.39,14.34793,1.30367316525249,0.0473166181808174,51.14853,3.286877,0.62175493,56.53653
03175500,train,train,05,VA,"WOLF CREEK NEAR NARROWS, VA",578.2518,32,1991,2024,94510,20261723,182,28,578.2518,20.82062,1.38595142681786,0.0564289002322455,39.80677,4.203762,0.73624515,46.75827
03179000,train,train,05,WV,"BLUESTONE RIVER NEAR PIPESTEM, WV",1024.424,28,1997,2024,93470,20261723,182,28,1024.424,16.24483,1.49405856020637,0.0593276628014743,40.35446,2.190993,0.67530659,43.64765
03187500,train,train,05,WV,"CRANBERRY RIVER NEAR RICHWOOD, WV",207.415,27,1998,2024,90562,20261723,182,28,207.415,21.55657,1.03407992429386,0.0909805664925162,39.3938,2.954435,0.9763976,35.07677
03201980,train,train,05,OH,Little Raccoon Creek near Ewington OH,256.6818,20,1999,2019,87542,20261723,182,28,256.6818,7.204161,1.4886342560863,0.0438176438404182,43.75908,1.525629,0.6837328489,30.10478
03221000,train,train,05,OH,Scioto River below O Shaughnessy Dam nr Dublin OH,2549.06,34,1991,2024,91808,20261723,182,28,2549.06,0.5274706,1.5429872584574,0.0603166181623385,59.68526,0.6721631,0.07477626993,25.48541
03228500,train,train,05,OH,Big Walnut Creek at Central College OH,490.9968,34,1991,2024,94422,20261723,182,28,490.9968,1.13661,1.47730832711526,0.0575123101457597,57.40285,0.8038461,0.25128862808,23.6221
03228750,train,train,05,OH,Alum Creek near Kilbourne OH,169.9686,19,2003,2024,70966,20261723,182,28,169.9686,0.8320782,1.46406844936188,0.0697661514554821,59.90314,0.7522644,0.233153636,22.56515
03229796,train,train,05,OH,Walnut Creek at Ashville OH,704.7171,15,2008,2023,34005,20261723,182,28,704.7171,1.164575,1.47150313270392,0.0550007072476912,58.8183,1.414472,0.13734659914,30.91896
03230800,train,train,05,OH,Deer Creek at Mount Sterling OH,594.3465,28,1997,2024,88027,20261723,182,28,594.3465,0.4791081,1.52702253595273,0.0535919319391858,60.0,0.7253585,0.04077621743,39.09563
03234300,train,train,05,OH,Paint Creek at Chillicothe OH,2944.457,32,1991,2024,83636,20261723,182,28,2944.457,2.686414,1.46772833076453,0.055637105587631,58.7126,1.487805,0.211368408,30.69085
03261500,train,train,05,OH,Great Miami River at Sidney OH,1403.33,31,1991,2024,78646,20261723,182,28,1403.33,0.8498272,1.48967075746202,0.0657992352388039,59.97633,1.150463,0.09466373674,43.83369
03261950,train,train,05,OH,Loramie Creek near Newport OH,394.6005,32,1991,2024,83975,20261723,182,28,394.6005,0.2498226,1.47569145002876,0.0728156742763985,60.0,0.5698112,0.05719075521,32.63596
03262000,train,train,05,OH,Loramie Creek at Lockington OH,666.9864,32,1991,2024,82940,20261723,182,28,666.9864,0.4943028,1.4716522685246,0.0727667178228086,60.0,0.5730682,0.076706664764,34.74041
03288100,train,train,05,KY,"NORTH ELKHORN CREEK AT GEORGETOWN, KY",380.4579,29,1993,2024,73952,20261723,182,28,380.4579,2.384949,1.2732447967773,0.0381804433262088,44.54747,1.061276,0.0565087550999999,24.28952
03297800,train,train,05,KY,"CEDAR CREEK AT HWY 1442 NEAR SHEPHERDSVILLE, KY",31.3911,21,2004,2024,65077,20261723,182,28,31.3911,4.769206,1.29451709481739,0.0300241756325831,44.65982,0.8399285,0.589667116,21.32802
03297900,train,train,05,KY,"FLOYDS FORK NEAR PEWEE VALLEY, KY",207.5247,26,1992,2024,80885,20261723,182,28,207.5247,3.558179,1.21258687854574,0.032067260814135,44.62356,0.6655631,0.3896774573,18.4226
03466208,train,train,06,TN,"BIG LIMESTONE CREEK NEAR LIMESTONE, TN",203.0913,28,1996,2024,90911,20261724,33,6,203.0913,6.574067,1.30046843492058,0.0168339413810696,58.71079,1.34745,0.172997038,49.66873
03539800,train,train,06,TN,"OBED RIVER NEAR LANCING, TN",1340.657,25,2000,2024,92778,20261724,33,6,1340.657,6.800623,1.13975876658453,0.0205466761326804,35.13036,3.891634,0.6240320899999999,32.37722
03574500,train,train,06,AL,PAINT ROCK RIVER NEAR WOODVILLE AL,813.8025,29,1996,2024,95584,20261724,33,6,813.8025,16.87918,1.19223544064355,0.010703171086,38.28823,2.300934,0.82398194,34.42634
03575100,train,train,06,AL,"FLINT RIVER AT BROWNSBORO, AL.",968.5789,22,2003,2024,69065,20261724,33,6,968.5789,3.134291,1.21758714033608,0.0104664063960529,57.97578,1.354674,0.199302536,35.65699
03578000,train,train,06,TN,"ELK RIVER NEAR PELHAM, TN",168.7671,20,2001,2024,87263,20261724,33,6,168.7671,8.854834,1.1520861693343,0.0170001339408649,40.53424,3.01149,0.7183645,34.50212
03596000,train,train,06,TN,"DUCK RIVER BELOW MANCHESTER, TN",289.5669,16,2009,2024,20648,20261724,33,6,289.5669,1.233032,1.18425488464976,0.0161854327802984,59.7571,0.973372,0.274727197,33.02485
04188337,train,train,04,OH,Blanchard River below Mt. Blanchard OH,369.3456,15,2008,2024,23425,20261722,16,3,369.3456,0.3438295,1.57034423385212,0.0708640268720041,60.0,0.5641987,0.06356485575,21.22948
04191500,train,train,04,OH,Auglaize River near Defiance OH,6038.764,32,1991,2024,88007,20261722,16,3,6038.764,0.2742605,1.53909156160746,0.0670443113060812,59.78191,0.8036199,0.0515552232309999,24.49649
04192500,train,train,04,OH,Maumee River near Defiance OH,14248.29,32,1991,2024,86023,20261722,16,3,14248.29,0.4613797,1.52422629642777,0.0732951482035326,59.90203,1.039965,0.0681450961,31.59545
04285500,train,train,02,VT,"NORTH BRANCH WINOOSKI RIVER AT WRIGHTSVILLE, VT",181.8963,24,1992,2024,80251,20261720,182,28,181.8963,14.68254,1.02600331556344,0.203048066876492,40.88631,1.750201,0.9177564,47.55072
04296500,train,train,01,VT,"CLYDE RIVER AT NEWPORT, VT",375.0174,25,1996,2024,84619,20261719,112,18,375.0174,8.888477,0.946035367043112,0.218677823500801,51.17962,3.8438,0.6963517,46.37859
05124480,train,train,09,MN,"KAWISHIWI RIVER NEAR ELY, MN",707.2242,27,1998,2024,95999,20261727,2,1,707.2242,3.023153,1.75207032646094,0.192888440311482,28.38285,3.830826,0.5738822,53.13511
05338500,train,train,07,MN,"SNAKE RIVER NEAR PINE CITY, MN",2525.525,24,2000,2024,87336,20261725,98,15,2525.525,0.8625223,1.66339666472855,0.126719084666843,60.0,3.070754,0.359633846,52.41274
05387500,train,train,07,IA,"Upper Iowa River at Decorah, IA",1269.237,18,2005,2024,61295,20261725,98,15,1269.237,2.577541,1.47980306992764,0.104301024412322,54.91011,2.266508,0.07857187249,53.87782
05455500,train,train,07,IA,"English River at Kalona, IA",1486.906,20,1992,2024,74702,20261725,98,15,1486.906,2.970261,1.67845658013062,0.0771866059613574,59.84068,1.041601,0.03783361082,33.27566
05481000,train,train,07,IA,"Boone River near Webster City, IA",2123.136,13,1992,2024,70283,20261725,98,15,2123.136,0.4416233,1.79197717150909,0.0911604630278539,60.0,1.500385,0.00172527805,43.79271
05485500,train,train,07,IA,"Des Moines River blw Raccoon Riv at Des Moines, IA",25539.99,32,1991,2024,84498,20261725,98,15,25539.99,1.096555,1.87760016351049,0.0895875850557218,59.99042,1.585955,0.02683149377,46.91803
05486000,train,train,07,IA,"North River near Norwalk, IA",904.6017,16,1991,2024,72049,20261725,98,15,904.6017,3.03918,1.80960237723435,0.0757594499509186,58.87246,0.884391,0.0875344392,40.99781
05487470,train,train,07,IA,"South River near Ackworth, IA",1193.412,14,1992,2024,72520,20261725,98,15,1193.412,3.972884,1.74489110881767,0.0704114896853816,59.04239,0.7070037,0.1977884569,22.10802
05488500,train,train,07,IA,"Des Moines River near Tracy, IA",32259.56,34,1991,2024,88304,20261725,98,15,32259.56,1.586247,1.85255219005621,0.0867417520742011,59.74073,1.435585,0.0510638407999999,43.2359
05502300,train,train,07,MO,"Salt River at Hagers Grove, MO",935.1459,25,1997,2024,83648,20261725,98,15,935.1459,2.26364,1.63123140494492,0.0567928432830731,59.87908,0.5565418,0.1211076171,18.40598
05503800,train,train,07,MO,"Crooked Creek near Paris, MO",212.6412,28,1997,2024,92616,20261725,98,15,212.6412,1.333568,1.68172787959534,0.0505342088397004,59.95597,0.3929265,0.09582338382,10.9784
05507800,train,train,07,MO,"Salt River near Center, MO",6172.583,29,1994,2024,95674,20261725,98,15,6172.583,1.793602,1.64411037284408,0.0531719478459033,59.65982,0.5235594,0.1489347884,11.35423
06062500,train,train,10U,MT,Tenmile Creek near Rimini MT,85.3542,22,1999,2024,82460,20261729,67,11,85.3542,23.53173,1.82429528439854,0.392156752768413,54.19799,4.72809,0.9283409666,65.62245
06071300,train,train,10U,MT,Little Prickly Pear Cr at Wolf Cr MT,1011.456,15,2008,2024,26929,20261729,67,11,1011.456,25.28222,2.81743696172231,0.245350293604496,46.03049,1.705668,0.54647987813,68.56551
06186500,train,train,10U,WY,Yellowstone River at Yellowstone Lk Outlet YNP,2567.444,10,1992,2024,70540,20261729,67,11,2567.444,19.02745,1.35133953859468,0.582449730448238,47.5459,4.13542,0.360945676,72.1936
06195600,train,train,10U,MT,Shields River nr Livingston MT,2187.574,23,1995,2024,78047,20261729,67,11,2187.574,12.88067,2.24159267558396,0.260497941661593,41.21064,1.741699,0.2767660285,66.3759
06392900,train,train,10U,WY,"BEAVER CREEK AT MALLO CAMP, NEAR FOUR CORNERS, WY",26.3601,20,1992,2019,76876,20261729,67,11,26.3601,10.71999,2.16001792326121,0.224227867466253,51.875,1.0055,0.862781198,81.82423
06400000,train,train,10U,SD,HAT CR NEAR EDGEMONT SD,2482.469,10,2004,2023,77192,20261729,67,11,2482.469,3.897246,4.01846580752232,0.08895089446443,38.78379,1.337153,0.038373651,63.78777
06430500,train,train,10U,SD,REDWATER CR AT WY-SD STATE LINE,1237.325,33,1991,2024,92110,20261729,67,11,1237.325,10.57609,2.65249968567979,0.189818178188332,48.90518,1.722489,0.5560628350000001,77.3591
06430770,train,train,10U,SD,"SPEARFISH CREEK NEAR LEAD, SD",173.2536,30,1991,2024,89446,20261729,67,11,173.2536,13.51466,1.94957471235731,0.300317839170713,52.02064,1.108236,0.93334164,77.25618
06431500,train,train,10U,SD,SPEARFISH CR AT SPEARFISH SD,427.1049,31,1991,2024,84506,20261729,67,11,427.1049,15.86312,2.00400228967066,0.290718052231748,52.07711,1.624704,0.910776433,76.39084
06436190,train,train,10U,SD,WHITEWOOD CREEK NEAR WHITEWOOD SD,200.0997,32,1991,2024,92614,20261729,67,11,200.0997,15.94993,2.09370506275954,0.279274337581787,48.19529,1.756616,0.610075894,70.66704
06449500,train,train,10U,SD,LITTLE WHITE R NEAR ROSEBUD SD,2774.185,11,1998,2017,84199,20261729,67,11,2774.185,2.812529,3.39821575771201,0.0998017328951564,51.47206,8.169227,0.0345724259999999,69.01992
06600000,train,train,10L,IA,"Perry Creek at 38th Street, Sioux City, IA",168.0579,11,1991,2003,40871,20261728,197,30,168.0579,4.507494,2.27591983077975,0.0882697961975555,60.0,1.285914,0.040095109,41.00745
06600500,train,train,10L,IA,"Floyd River at James, IA",2297.873,12,2006,2024,69976,20261728,197,30,2297.873,1.746237,2.12825284827671,0.0943142647902007,60.0,1.311379,0.006245907,41.75275
06803500,train,train,10L,NE,"SALT CREEK AT LINCOLN, NEBR.",1774.213,29,1996,2024,92251,20261728,197,30,1774.213,3.040334,2.36158540968465,0.0635965394231584,60.0,0.606895,0.0629701088,34.64185
06803520,train,train,10L,NE,"STEVENS CREEK NR. LINCOLN, NEBR.",123.0615,19,1992,2024,79883,20261728,197,30,123.0615,2.681678,2.28926607008786,0.0639825882159721,60.0,0.7893692,0.0551724143,34.47936
06814000,train,train,10L,KS,"TURKEY C NR SENECA, KS",713.826,25,1991,2024,79476,20261728,197,30,713.826,3.300322,2.07402941828084,0.0563919130944168,59.25457,0.466959,0.1447991912,21.50429
06815000,train,train,10L,NE,"BIG NEMAHA RIVER AT FALLS CITY, NEBR.",3473.247,18,1998,2024,78114,20261728,197,30,3473.247,3.061392,2.08954820145703,0.0551549686653142,57.37345,0.5180679,0.0954281963,23.49845
06820500,train,train,10L,MO,"Platte River near Agency, MO",4541.226,27,1997,2024,86663,20261728,197,30,4541.226,2.9673,1.78659175035136,0.057544355117102,59.87358,0.8169194,0.0897791091,20.11959
06836500,train,train,10L,NE,"DRIFTWOOD CREEK NEAR MC COOK, NEBR.",935.0073,24,1992,2024,88374,20261728,197,30,935.0073,3.027962,3.644842156353,0.0637860453207103,59.86927,1.300194,0.000665128456,51.09745
06847500,train,train,10L,NE,"SAPPA CREEK NEAR STAMFORD, NEBR.",9855.951,14,1991,2024,72029,20261728,197,30,9855.951,2.097173,3.68838362137492,0.0612415339984883,59.7233,1.336822,0.000647243427,41.68099
06853800,train,train,10L,KS,"WHITE ROCK C NR BURR OAK, KS",589.4253,34,1991,2024,88908,20261728,197,30,589.4253,2.455722,2.63704415529805,0.0596844022789183,57.28992,1.300463,0.03834684,39.97556
06862850,train,train,10L,KS,"SMOKY HILL R BL SCHOENCHEN, KS",14460.83,27,1991,2024,72667,20261728,197,30,14460.83,1.528793,3.93547308403704,0.0527346260341041,57.77052,1.525354,0.000814497004,22.85171
06866500,train,train,10L,KS,"SMOKY HILL R NR MENTOR, KS",20903.34,34,1991,2024,88530,20261728,197,30,20903.34,1.568902,3.58904299727617,0.0491526666372223,56.2696,1.461023,0.00455930022,21.97149
06870200,train,train,10L,KS,"SMOKY HILL R AT NEW CAMBRIA, KS",29925.4,16,1991,2006,58805,20261728,197,30,29925.4,1.871994,3.40952791843735,0.0492563868490563,55.15668,1.404595,0.00705650574,21.86318
06874000,train,train,10L,KS,"SF SOLOMON R AT OSBORNE, KS",5102.32,31,1993,2024,84911,20261728,197,30,5102.32,2.158586,3.30219501187665,0.0526547650970487,55.66606,1.39191,0.005342159,27.91322
06881000,train,train,10L,NE,"BIG BLUE RIVER NEAR CRETE, NEBR.",7024.251,23,1997,2024,86866,20261728,197,30,7024.251,0.8188829,2.44523333868492,0.0643558074493859,60.0,0.865472,0.0140377777699999,34.94909
06882000,train,train,10L,NE,BIG BLUE R AT BARNESTON NEBR,11512.53,21,1992,2024,79817,20261728,197,30,11512.53,1.095477,2.37780727381419,0.0626215621290413,59.94546,0.8261127,0.02450174414,32.46827
06887000,train,train,10L,KS,"BIG BLUE R NR MANHATTAN, KS",24991.78,31,1991,2024,92392,20261728,197,30,24991.78,1.627885,2.34212856974977,0.0591674317952103,58.08367,0.9293362,0.0380823885999999,30.64044
06890100,train,train,10L,KS,"DELAWARE R NR MUSCOTAH, KS",1131.965,31,1991,2024,80363,20261728,197,30,1131.965,2.653105,1.91218376964719,0.0487949175368716,59.14938,0.3973905,0.0841589470399999,18.73516
06897000,train,train,10L,MO,"East Fork Big Creek near Bethany, MO",235.5885,21,1998,2024,72880,20261728,197,30,235.5885,2.91702,1.66106786919344,0.0635670593105781,59.74778,0.4262275,0.1225068648,14.51437
06897500,train,train,10L,MO,"Grand River near Gallatin, MO",5819.077,20,1997,2024,72160,20261728,197,30,5819.077,3.420692,1.69645844674205,0.0564615852415672,59.82973,0.515873,0.1574438325,15.42578
06903700,train,train,10L,IA,"South Fork Chariton River near Promise City, IA",439.3953,20,1998,2024,70850,20261728,197,30,439.3953,2.889228,1.66421585388396,0.0689265961717771,59.7008,0.6825783,0.1091625097,17.22341
06904010,train,train,10L,IA,"Chariton River near Moulton, IA",1919.11,21,1992,2024,75023,20261728,197,30,1919.11,2.62722,1.66235432259002,0.068094183808023,59.86697,0.6117669,0.1247890071,18.67443
06906200,train,train,10L,MO,"East Fork Little Chariton R. nr Macon, MO",268.9155,28,1997,2024,93410,20261728,197,30,268.9155,2.253423,1.64723733148438,0.0556409044913892,59.76367,0.5146981,0.241252341,18.4957
06908000,train,train,10L,MO,"Blackwater River at Blue Lick, MO",2894.894,28,1996,2024,91021,20261728,197,30,2894.894,2.481675,1.6020023074502,0.0385284092151068,53.10867,0.9983307,0.1639421181,13.86627
06911000,train,train,10L,KS,"MARAIS DES CYGNES R AT MELVERN, KS",875.5425,13,2008,2024,27515,20261728,197,30,875.5425,2.170073,1.92033064094746,0.0407612320489071,50.15834,0.4216768,0.043712901836,18.62939
06915800,train,train,10L,KS,"MARAIS DES CYGNES R AT LA CYGNE, KS",7026.935,34,1991,2024,90501,20261728,197,30,7026.935,2.164227,1.81995708888873,0.0359034916404368,49.06898,0.5885935,0.0997983312,16.58265
06916600,train,train,10L,KS,"MARAIS DES CYGNES R NR KS-MO ST LINE, KS",8387.032,33,1991,2024,92942,20261728,197,30,8387.032,2.263317,1.78969582952733,0.0350876012241986,48.76873,0.6037216,0.1144331743999999,16.13675
06919020,train,train,10L,MO,"Sac River at Hwy J below Stockton, MO",3322.945,29,1996,2024,95443,20261728,197,30,3322.945,3.463629,1.49767449882951,0.0322463297839972,56.1263,1.730777,0.331941621,35.18542
06935755,train,train,10L,MO,"Bonhomme Creek near Ellisville, MO",11.8683,24,2000,2024,87058,20261728,197,30,11.8683,5.054576,1.58356232166323,0.0430847051178974,59.6519,1.298925,0.5574429321000001,25.0
06935955,train,train,10L,MO,"Fee Fee Creek near Bridgeton, MO",30.222,26,1997,2024,83342,20261728,197,30,30.222,3.950977,1.57667436099045,0.0396456183987523,30.51801,1.015212,0.01965456,22.0
07001985,train,train,07,MO,"Watkins Creek at Bellefontaine Neighbors, MO",13.6296,23,1998,2020,87093,20261725,98,15,13.6296,2.849084,1.63357321465168,0.0366903721349934,41.68159,1.124158,0.121500262,18.79101
07010090,train,train,07,MO,"MacKenzie Creek near Shrewsbury, MO",9.4149,19,2005,2024,61166,20261725,98,15,9.4149,2.774364,1.52646141259745,0.0340953653479906,59.55401,1.298575,0.04722302,23.0
07010094,train,train,07,MO,"Grammond Creek near Wilbur Park, MO",1.5579,18,2007,2024,35371,20261725,98,15,1.5579,2.954839,1.52646141259745,0.0340953653479906,57.99301,1.283341,0.0,23.0
07021000,train,train,07,MO,"Castor River at Zalma, MO",1094.394,22,2003,2024,77033,20261725,98,15,1094.394,6.244009,1.42241814754349,0.0292916042086048,59.56187,2.308972,0.791498862,29.1849
07030050,train,train,08,TN,"HATCHIE RIVER AT RIALTO, TN",5967.874,21,2004,2024,65700,20261726,51,8,5967.874,2.894414,1.26558726415067,0.0139531194489409,59.60757,1.588016,0.37177751,36.01678
07050690,train,train,11,MO,"Pearson Creek near Springfield, MO",54.2268,24,2000,2024,92319,20261730,172,26,54.2268,2.589928,1.56795254231965,0.0334072027172189,58.93948,1.544136,0.1747991629999999,34.22002
07052250,train,train,11,MO,"James River near Boaz, MO",1202.085,23,2002,2024,79227,20261730,172,26,1202.085,3.374151,1.50400271296647,0.034250097602604,58.81369,1.592497,0.296055012,36.2224
07055646,train,train,11,AR,"Buffalo River near Boxley, AR",152.9993,28,1994,2024,93387,20261730,172,26,152.9993,17.1515,1.43849553177144,0.0262649266995799,42.17133,1.976957,0.927555502,25.6917
07065200,train,train,11,MO,"Jacks Fork near Mountain View, MO",486.4167,19,2006,2024,44638,20261730,172,26,486.4167,6.379782,1.41873559366863,0.0325146376437977,53.61032,1.745884,0.728247809,44.43391
07065495,train,train,11,MO,"Jacks Fork at Alley Spring, MO",789.1665,30,1994,2024,94744,20261730,172,26,789.1665,6.584986,1.42550835377736,0.0314019523405378,55.12271,1.71945,0.72446679,45.73251
07068000,train,train,11,MO,"Current River at Doniphan, MO",5318.585,29,1996,2024,93606,20261730,172,26,5318.585,8.216322,1.44749013117361,0.0263749013406957,56.32638,1.763523,0.8217451800000001,44.46301
07145500,train,train,11,KS,"NINNESCAH R NR PECK, KS",5527.576,32,1991,2024,89082,20261730,172,26,5527.576,0.790195,2.6772527635643,0.0381994610976131,58.49308,3.796777,0.016455890621,35.69838
07170500,train,train,11,KS,"VERDIGRIS R AT INDEPENDENCE, KS",7358.361,32,1991,2024,95150,20261730,172,26,7358.361,2.711732,1.90775857859093,0.0268673391601285,41.31711,0.6962417,0.08528713463,17.78782
07170990,train,train,11,KS,"VERDIGRIS R AT COFFEYVILLE, KS",8548.381,22,2003,2024,75937,20261730,172,26,8548.381,2.563316,1.886577553438,0.0266765251056625,41.93081,0.7135375,0.08661439994,17.22718
07185090,train,train,11,OK,"Tar Creek near Commerce, OK",89.97778,12,2008,2024,23983,20261730,172,26,89.97778,0.4940523,1.5847639686482,0.022845454152981,56.29868,1.215011,0.0465123245,42.04248
07187000,train,train,11,MO,"Shoal Creek above Joplin, MO",1110.443,28,1995,2024,84941,20261730,172,26,1110.443,2.684645,1.52286443492912,0.0287897795802183,59.36902,1.423392,0.3053801464,48.90351
07230000,train,train,11,OK,"Little River blw Lk Thunderbird nr Norman, OK",666.9027,32,1991,2024,92965,20261730,172,26,666.9027,2.914416,2.2835199518874,0.0177303606310374,38.90794,2.006391,0.349916296,30.2843
07230500,train,train,11,OK,"Little River near Tecumseh, OK",1197.938,18,1992,2024,58353,20261730,172,26,1197.938,3.142814,2.23178879558371,0.0163634062169219,37.488,2.132384,0.436699257,28.95364
07233500,train,train,11,TX,"Palo Duro Ck nr Spearman, TX",2909.151,25,2000,2024,95592,20261730,172,26,2909.151,0.4111501,4.98442347742422,0.0312325092592325,60.0,0.7815143,2.227454e-05,18.12793
07239700,train,train,11,OK,"North Canadian River near Yukon, OK",34845.51,21,2000,2024,86171,20261730,172,26,34845.51,1.158969,4.39152736509973,0.0314535653132805,59.11468,2.619295,0.0109662037,21.51121
07241800,train,train,11,OK,"North Canadian River at Shawnee, OK",36250.9,16,2001,2024,74998,20261730,172,26,36250.9,1.173675,4.26259756028086,0.0316962846454651,58.68572,2.641765,0.0165620473,21.79139
07242380,train,train,11,OK,"Deep Fork at Warwick, OK",1365.881,19,1991,2024,73075,20261730,172,26,1365.881,3.269431,2.31251492804299,0.0151454366728824,38.51579,2.338801,0.3658850429999999,24.08133
07258500,train,train,11,AR,"PETIT JEAN RIVER NEAR BOONEVILLE, ARK.",623.9718,25,2000,2024,92995,20261730,172,26,623.9718,7.004552,1.48998967161651,0.0158001188475289,44.03154,1.329646,0.6009878,19.15254
07263012,train,train,11,AR,"Fourche LaFave River near Aplin, AR",2475.1,22,2003,2024,71150,20261730,172,26,2475.1,9.482006,1.44218360539987,0.0150444753824211,41.41221,2.529217,0.8412453,21.22781
07281960,train,train,08,MS,"YALOBUSHA RIVER AT VARDAMAN, MS",221.9454,10,1999,2009,87518,20261726,51,8,221.9454,0.9565002,1.25629477661496,0.0089106244907058,59.69422,0.4830607,0.26859852,21.0751
07297910,train,train,11,TX,"Pr Dog Twn Fk Red Rv nr Wayside, TX",9722.816,14,2008,2024,27237,20261730,172,26,9722.816,1.077467,4.82941417232191,0.0345374731301641,59.01376,0.6370119,0.0057363934,17.41095
07299540,train,train,11,TX,"Pr Dog Twn Fk Red Rv nr Childress, TX",18864.19,29,1995,2024,89479,20261730,172,26,18864.19,1.831135,4.64820779493929,0.0275102152851401,57.31635,0.9455205,0.022483505,21.77081
07305000,train,train,11,OK,"North Fork Red River near Headrick, OK",11834.5,30,1991,2024,88905,20261730,172,26,11834.5,1.826836,3.71317239301479,0.0210345136328482,56.26409,2.462835,0.0157958881,24.90352
07307800,train,train,11,TX,"Pease Rv nr Childress, TX",7583.054,15,1995,2009,90368,20261730,172,26,7583.054,2.191497,4.39564813505558,0.015668964294864,58.39587,1.504611,0.017843916,23.90432
07325800,train,train,11,OK,"Cobb Creek near Eakly, OK",342.2007,31,1991,2024,89454,20261730,172,26,342.2007,2.4956,2.87466344306228,0.019664524827757,57.30346,1.784549,0.021739871,23.97279
07328100,train,train,11,OK,"Washita River at Alex, OK",12348.97,26,1991,2024,89603,20261730,172,26,12348.97,2.648712,3.03811133340058,0.0192979212937554,52.87412,2.021586,0.0445677759999999,24.76816
07328180,train,train,11,OK,"North Criner Creek near Criner, OK",18.684,19,1994,2024,82053,20261730,172,26,18.684,3.027807,2.30845179164118,0.0174128987266135,39.907,2.000012,0.191185,32.63659
07359001,train,train,08,AR,"Ouachita River below Remmel Dam at Jones Mill, AR",4003.589,11,1992,2002,31990,20261726,51,8,4003.589,8.377737,1.35021927161461,0.0148774999364055,40.35849,2.498567,0.7589816,22.31112
07367005,train,train,08,LA,"Ouachita River at West Monroe, LA",38971.85,17,2008,2024,27811,20261726,51,8,38971.85,2.864491,1.42329359428355,0.0116443455641841,55.31108,1.354179,0.60533076,25.419
07372050,train,train,08,LA,"Dugdemona River near Joyce, LA",1905.953,21,2002,2024,79649,20261726,51,8,1905.953,1.967734,1.40510781660313,0.00772660749249,59.86847,1.451512,0.62227927,25.61434
07377500,train,train,08,LA,"Comite River near Olive Branch, LA",389.6262,18,1996,2017,82429,20261726,51,8,389.6262,1.613656,1.22295371401777,0.0012176280703985,60.0,1.200391,0.28761103,25.97007
08013500,train,train,08,LA,"CALCASIEU RIVER NEAR OBERLIN, LA.",1966.531,25,1997,2024,84549,20261726,51,8,1966.531,1.069693,1.32154955171184,0.0037418685689525,58.8846,1.44722,0.508762107,32.46015
08014800,train,train,08,LA,"BUNDICK CK NR DE RIDDER, LA",310.6413,17,2008,2024,28483,20261726,51,8,310.6413,1.309435,1.37538052741944,0.0030102396746463,59.99494,1.69708,0.4182588996999999,29.68892
08017200,train,train,12,TX,"Cowleech Fk Sabine Rv at Greenville, TX",210.4038,33,1992,2024,92486,20261731,177,27,210.4038,1.038005,2.09051498093071,0.0078965850316299,58.99965,0.5034904,0.155824637,14.62432
08017300,train,train,12,TX,"S Fk Sabine Rv nr Quinlan, TX",201.4569,25,2000,2024,94661,20261731,177,27,201.4569,0.8126459,2.2582643100776,0.0068982199819562,59.27871,0.5001684,0.0797441045999999,13.92009
08023400,train,train,12,LA,"Bayou San Patricio near Benson, LA",210.9654,27,1998,2024,94165,20261731,177,27,210.9654,1.665529,1.61788213674473,0.0065233184354091,60.0,0.7408821,0.37101007,13.64128
08047000,train,train,12,TX,"Clear Fk Trinity Rv nr Benbrook, TX",1117.324,17,2008,2024,27691,20261731,177,27,1117.324,2.714791,2.88364795139826,0.0060061099825162,40.37286,1.021934,0.10939845,18.10179
08047050,train,train,12,TX,"Marys Ck at Benbrook, TX",139.8366,24,1999,2024,88862,20261731,177,27,139.8366,2.953385,2.83471761347013,0.0054092195443031,26.36152,1.137544,0.0372391806,16.62202
08050100,train,train,12,TX,"Mountain Ck at Grand Prairie, TX",769.6179,17,2008,2024,28266,20261731,177,27,769.6179,1.669551,2.53186713210554,0.0061800155726361,56.09576,0.7675334,0.17040313117,9.934644
08050840,train,train,12,TX,"Range Ck nr Collinsville, TX",75.7062,32,1993,2024,93952,20261731,177,27,75.7062,0.8855708,2.36179440872203,0.0074707169588331,58.11255,0.916546,0.0616396004,14.0
08064100,train,train,12,TX,"Chambers Ck nr Rice, TX",2135.638,17,2008,2024,28387,20261731,177,27,2135.638,1.588065,2.47183672579173,0.0064417509365562,53.81538,0.6674784,0.121673485,11.78749
08066170,train,train,12,TX,"Kickapoo Ck nr Onalaska, TX",149.1957,14,1996,2009,92532,20261731,177,27,149.1957,1.36594,1.85359879933937,0.002934566299446,53.48425,1.595151,0.4848557979999999,16.87046
08082700,train,train,12,TX,"Millers Ck nr Munday, TX",276.0354,33,1992,2024,92260,20261731,177,27,276.0354,0.4885178,3.82733919966422,0.0076167246976195,58.7563,0.3996064,0.018604135,10.39605
08083230,train,train,12,TX,"Clear Fk Brazos Rv nr Noodle, TX",3046.375,19,2002,2020,79547,20261731,177,27,3046.375,1.737298,4.10999504828774,0.0062551919739593,53.33337,1.44747,0.038245292,10.40884
08091750,train,train,12,TX,"Squaw Ck nr Glen Rose, TX",181.9323,10,1996,2005,57695,20261731,177,27,181.9323,2.453796,2.83682156559832,0.0049149984954525,49.49153,0.8596002,0.1932257,22.87347
08099500,train,train,12,TX,"Leon Rv nr Hasse, TX",3329.183,17,2008,2024,26202,20261731,177,27,3329.183,1.806766,3.39432955821007,0.0049644318549645,52.81985,1.214607,0.11933711857,8.171462
08104500,train,train,12,TX,"Little Rv nr Little River, TX",13646.63,17,2008,2024,27626,20261731,177,27,13646.63,2.678745,3.21227029195105,0.0032387823812476,44.62135,0.9559523,0.18208198724,21.92594
08123800,train,train,12,TX,"Beals Ck nr Westbrook, TX",25890.71,28,1997,2024,93176,20261731,177,27,25890.71,0.3910011,6.12995817724006,0.0090567871129833,59.46554,2.634388,0.001310995,15.1551
08136000,train,train,12,TX,"Concho Rv at San Angelo, TX",14295.38,28,1997,2024,93419,20261731,177,27,14295.38,1.818776,5.2595446032138,0.0042075956750401,41.21001,1.147255,0.00457769695,29.39412
08146000,train,train,12,TX,"San Saba Rv at San Saba, TX",7891.807,26,1999,2024,94509,20261731,177,27,7891.807,2.052458,3.98325961217669,0.0028738158103079,25.89941,0.716688,0.06414629452,28.89489
08148500,train,train,12,TX,"N Llano Rv nr Junction, TX",2336.848,21,2002,2024,81257,20261731,177,27,2336.848,3.349571,4.48398912338039,0.0032914853591861,20.31698,0.5848408,0.0453953708049999,47.91116
08151500,train,train,12,TX,"Llano Rv at Llano, TX",10887.42,28,1997,2024,95221,20261731,177,27,10887.42,3.633544,4.08765097867212,0.0032523228879723,22.52221,1.054068,0.15138031173,46.94235
08158380,train,train,12,TX,"Little Walnut Ck at Georgian Dr, Austin, TX",13.5378,17,2008,2024,24666,20261731,177,27,13.5378,1.524833,2.89919682432353,0.002451659446712,38.67,0.63,0.0003324026,22.26573
08158600,train,train,12,TX,"Walnut Ck at Webberville Rd, Austin, TX",134.586,17,2008,2024,27811,20261731,177,27,134.586,2.508539,2.83477595774786,0.0030818815761786,40.23869,0.6339884,0.1323191199999999,22.89598
08158970,train,train,12,TX,"Williamson Ck at Jimmy Clay Rd, Austin, TX",71.2494,17,2008,2024,29371,20261731,177,27,71.2494,2.470332,2.95988300826569,0.002071383473687,35.83983,0.6122743,0.20169007,24.68765
08160800,train,train,12,TX,"Redgate Ck nr Columbus, TX",44.6445,28,1997,2024,95949,20261731,177,27,44.6445,2.1393,2.30357717152318,0.0026049968919567,59.88826,6.907131,0.61447436,13.27437
08181400,train,train,12,TX,"Helotes Ck at Helotes, TX",38.7909,31,1992,2024,85146,20261731,177,27,38.7909,8.512012,3.06761007533037,0.0033466871699156,17.96,0.4585,0.68666624,31.54662
08189700,train,train,12,TX,"Aransas Rv nr Skidmore, TX",631.2708,29,1996,2024,93537,20261731,177,27,631.2708,0.858442,3.5122594400585,0.0015655231130785,60.0,0.9648367,0.0358248789099999,10.89428
08206600,train,train,12,TX,"Frio Rv at Tilden, TX",11557.8,33,1992,2024,94385,20261731,177,27,11557.8,3.603085,4.2997861305575,0.0010527682149096,46.63049,0.9724304,0.1666358917,32.74004
08210000,train,train,12,TX,"Nueces Rv nr Three Rivers, TX",39967.6,33,1992,2024,96084,20261731,177,27,39967.6,2.456677,4.59918177971456,0.0007188496346861,49.11892,1.073564,0.0803736033,29.16638
08275500,train,train,13,NM,"RIO GRANDE DEL RANCHO NEAR TALPA, NM",207.8658,19,1992,2024,56876,20261732,54,9,207.8658,25.76246,2.77718536649721,0.326643739847696,59.01173,1.48305,0.95795414,66.55077
08289000,train,train,13,NM,"RIO OJO CALIENTE AT LA MADERA, NM",1066.925,31,1992,2024,89182,20261732,54,9,1066.925,13.97348,3.45076898761567,0.298615055968951,57.24965,1.894162,0.720041463,59.22257
08317950,train,train,13,NM,"GALISTEO CREEK BELOW GALISTEO DAM, NM",1536.176,21,2001,2024,85050,20261732,54,9,1536.176,6.696826,5.50226416025603,0.0593076814445727,38.88472,1.423833,0.2335133097,51.2206
08329928,train,train,13,NM,"RIO GRANDE NR ALAMEDA, NM",44583.7,18,2004,2024,57333,20261732,54,9,44583.7,13.51885,3.91509746304893,0.238250491912996,50.96935,3.965757,0.372357488,59.18792
08332010,train,train,13,NM,"RIO GRANDE FLOODWAY NEAR BERNARDO, NM",49128.08,22,1991,2024,42100,20261732,54,9,49128.08,12.85217,4.14785082878393,0.203586876578097,51.21146,3.952619,0.351711474,53.89827
08382600,train,train,13,NM,"PECOS R ABV CANON DEL UTA NR COLONIAS, NM",6336.304,29,1992,2024,80421,20261732,54,9,6336.304,10.26583,4.58369187020244,0.0701237617206686,40.48361,1.88824,0.403678011,47.17128
08398500,train,train,13,NM,"RIO PENASCO AT DAYTON, NM",2736.869,23,2001,2024,91573,20261732,54,9,2736.869,13.13069,5.24179776096626,0.0467554173571535,38.2215,1.218349,0.43615882867,29.4057
08408500,train,train,13,NM,"DELAWARE RIVER NR RED BLUFF, NM",2024.692,30,1992,2024,92874,20261732,54,9,2024.692,5.026513,8.04612331095514,0.0050022162345396,30.89183,1.200238,0.00505899089,17.70913
08447020,train,train,13,TX,"Independence Ck nr Sheffield, TX",1994.675,22,2003,2024,71687,20261732,54,9,1994.675,5.665826,7.45558948395891,0.0032284759922907,22.3204,1.469759,0.0010287388,34.11803
09024000,train,train,14,CO,"FRASER RIVER AT WINTER PARK, CO.",71.6175,17,1993,2024,70513,20261733,29,5,71.6175,34.1726,1.41389647669426,0.663669281012404,50.18945,7.3417,0.553603564,63.51324
09074000,train,train,14,CO,"HUNTER CREEK NEAR ASPEN, CO.",109.6122,11,1998,2012,77813,20261733,29,5,109.6122,29.10287,1.48332572805109,0.656729920619278,50.50385,6.628584,0.652557073,60.53278
09177000,train,train,14,CO,"SAN MIGUEL RIVER AT URAVAN, CO.",3887.755,25,1997,2024,84137,20261733,29,5,3887.755,16.297,2.88871948109871,0.295980307415956,45.26732,1.36516,0.6562013,57.10889
09196500,train,train,14,WY,"PINE CREEK ABOVE FREMONT LAKE, WY",194.8815,25,1991,2024,75520,20261733,29,5,194.8815,31.25253,1.77061455198588,0.645383374691956,60.0,2.7208,0.16117946,61.04979
09346400,train,train,14,CO,"SAN JUAN RIVER NEAR CARRACAS, CO.",3248.188,11,2000,2024,75455,20261733,29,5,3248.188,21.57291,2.21857477642534,0.372937059807347,45.51049,2.471039,0.54309443,62.25201
09408195,train,train,15,UT,"FORT PEARCE WASH NEAR ST. GEORGE, UT",3473.1,23,2002,2024,76333,20261734,8,2,3473.1,6.731902,6.70291746996967,0.0248657585593033,42.64899,4.279592,0.0752544696899999,71.46909
09415460,train,train,15,NV,"WHITE RV NR RED MTN NR PRESTON, NV",73.20689,13,2003,2015,66086,20261734,8,2,73.20689,23.25181,6.29946120029014,0.235148356047546,24.53195,1.602159,0.8014039150000001,67.45731
10105900,train,train,16,UT,"LITTLE BEAR RIVER AT PARADISE, UT",530.1234,30,1993,2024,86082,20261735,39,7,530.1234,23.20062,1.99205929039852,0.342760888014704,51.03999,1.259316,0.565389281,72.56384
10172952,train,train,16,UT,"DUNN CREEK NEAR PARK VALLEY, UT",22.5072,29,1987,2024,89453,20261735,39,7,22.5072,30.91111,4.13942156597906,0.311530801525679,45.75,4.2735,0.13471689,74.96505
10205030,train,train,16,UT,"SALINA CREEK NEAR EMERY, UT",134.5977,18,1994,2024,72382,20261735,39,7,134.5977,19.91262,3.32447162606294,0.344529660984644,53.16963,1.790958,0.66768311,64.54211
10242000,train,train,16,UT,"COAL CREEK NEAR CEDAR CITY, UT",208.6857,26,1991,2024,77619,20261735,39,7,208.6857,27.13902,2.71372131546289,0.456197502102829,50.07107,0.7928367,0.79004455,75.45496
103087891,train,train,16,CA,ASPEN C ABV LEVIATHAN MINE NR MARKLEEVILLE CA,1.5048,11,2008,2023,24884,20261735,39,7,1.5048,23.76316,2.27827103202938,0.417193916802313,33.312,4.8215,0.5113636,68.0
10321940,train,train,16,NV,"MAGGIE CK ABV MAGGIE CK CYN NR CARLIN, NV",877.7223,25,1997,2024,85769,20261735,39,7,877.7223,14.72503,5.06994178959211,0.294972249647376,44.93546,1.591619,0.04668971,63.17619
10329500,train,train,16,NV,"MARTIN C NR PARADISE VALLEY, NV",454.5207,33,1992,2024,91655,20261735,39,7,454.5207,16.63618,2.89406579881842,0.355183301067074,41.53594,1.478516,0.024731543,64.68036
11045300,train,train,18,CA,FALLBROOK C NR FALLBROOK CA,18.2817,31,1994,2024,94606,20261737,43,7,18.2817,6.095186,2.64178058551302,0.0,42.8845,1.7795,0.0019199528,31.15629
11048553,train,train,18,CA,SAND CYN C A IRVINE CA,21.618,12,2002,2013,81348,20261737,43,7,21.618,12.09348,4.24594469936647,0.0,31.10094,0.8127649,0.0279350518,18.35951
11077500,train,train,18,CA,SANTIAGO C A SANTA ANA CA,240.7761,33,1989,2024,91654,20261737,43,7,240.7761,25.37468,4.64589306672267,0.0,25.99578,1.701016,0.031929247,20.15714
11140000,train,train,18,CA,SISQUOC R NR GAREY,1220.496,18,1996,2023,89581,20261737,43,7,1220.496,30.25207,4.80603624628218,0.0,24.35688,1.391217,0.2623089,28.72057
11203580,train,train,18,CA,SF TULE R NR CHOLOLLO CAMPGROUND NR PORTERVILLE CA,51.9264,23,2000,2024,86213,20261737,43,7,51.9264,34.77251,3.10949959250906,0.0548859328507532,48.25153,3.150226,0.92557543,66.58594
11204100,train,train,18,CA,SF TULE R NR RESERVATION BNDRY NR PORTERVILLE CA,249.147,23,2001,2024,88574,20261737,43,7,249.147,34.41452,3.10949959250906,0.0548859328507532,40.95997,2.644652,0.65039918,65.94937
11451715,train,train,18,CA,BEAR C AB HOLSTEN CHIMNEY CYN NR RUMSEY CA,247.9203,25,1998,2022,93213,20261737,43,7,247.9203,18.17915,3.91609770790095,0.0008305018009926,32.82674,0.4885135,0.0483905513,43.19971
12076800,train,train,17,WA,"GOLDSBOROUGH CREEK ABOVE 7TH STREET AT SHELTON, WA",154.8036,19,2006,2024,44892,20261736,72,12,154.8036,4.685424,0.688891947887151,0.0070066437605242,59.79531,8.722576,0.432164343,54.30968
12175500,train,train,17,WA,"THUNDER CREEK NEAR NEWHALEM, WA",273.8205,30,1993,2024,86307,20261736,72,12,273.8205,58.75731,0.439161773408652,0.569529812016904,49.91196,2.375812,0.4468996646,64.12011
12210700,train,train,17,WA,"NOOKSACK RIVER AT NORTH CEDARVILLE, WA",1524.798,19,2006,2024,50199,20261736,72,12,1524.798,36.1938,0.407039404350497,0.152189242730869,53.76528,2.83326,0.69462943,58.74356
12344000,train,train,17,MT,Bitterroot River near Darby MT,2718.683,30,1995,2024,92274,20261736,72,12,2718.683,32.371,1.67114673929893,0.390558925778714,58.21844,7.43298,0.646750041256,70.92266
12456500,train,train,17,WA,"CHIWAWA RIVER NEAR PLAIN, WA",445.7034,20,1992,2024,71270,20261736,72,12,445.7034,41.13913,1.10029098264951,0.352144290774771,55.34921,6.82667,0.7406073495,68.40679
13018350,train,train,17,WY,"FLAT CREEK BELOW CACHE CREEK, NEAR JACKSON, WY",333.0387,17,2003,2024,78285,20261736,72,12,333.0387,24.70096,1.69776210238943,0.49171884873554,41.60007,4.539454,0.426134233,76.51534
14020000,train,train,17,OR,"UMATILLA RIVER ABOVE MEACHAM CREEK, NR GIBBON, OR",341.4267,34,1990,2024,93354,20261736,72,12,341.4267,32.15104,1.54970573485414,0.109510692428781,42.21658,1.492076,0.7336641,64.21928
14138850,train,train,17,OR,"BULL RUN RIVER NEAR MULTNOMAH FALLS, OR",124.4574,33,1992,2024,95397,20261736,72,12,124.4574,27.9569,0.49365689969486,0.15423610213266,46.38536,2.971305,0.8686418376999999,52.05804
14142500,train,train,17,OR,"SANDY RIVER BLW BULL RUN RIVER, NR BULL RUN, OR",1117.501,32,1987,2024,94695,20261736,72,12,1117.501,26.6059,0.590166775775169,0.0660532274919874,49.23277,2.685985,0.818273524,61.18679
14200000,train,train,17,OR,"MOLALLA RIVER NEAR CANBY, OR",842.6178,23,2001,2024,88424,20261736,72,12,842.6178,20.87714,0.606751639668748,0.0167220792542996,47.37299,2.077499,0.6753275329999999,54.87724
14201340,train,train,17,OR,"PUDDING RIVER NEAR WOODBURN, OR",819.297,26,1998,2024,92019,20261736,72,12,819.297,7.91847,0.91894204176818,0.0023494174425332,50.94235,1.129777,0.225289694,51.43165
14203500,train,train,17,OR,"TUALATIN RIVER NEAR DILLEY, OR",324.7677,34,1991,2024,95828,20261736,72,12,324.7677,16.18818,0.884094685528834,0.0077480150900517,51.28424,0.9596331,0.49931134,49.42504
01077400,validation,validation,01,NH,"COCKERMOUTH RIVER BELOW HARDY BROOK, AT GROTON, NH",56.1951,16,2009,2024,24238,20262719,12,2,56.1951,16.70285,1.01606176766415,0.163806969897718,49.36272,4.291554,0.9371547,51.68093
01135500,validation,validation,01,VT,"PASSUMPSIC RIVER AT PASSUMPSIC, VT",1124.902,10,1996,2024,18219,20262719,12,2,1124.902,11.75142,0.971387571743389,0.201999010578568,47.37283,2.254216,0.8016209999999999,46.81033
01594526,validation,validation,02,MD,"WESTERN BRANCH AT UPPER MARLBORO, MD",233.5851,31,1986,2024,26016,20262720,21,3,233.5851,2.683854,1.27123759358131,0.0324157502934092,56.03631,3.55391,0.315906287,44.70024
01613525,validation,validation,02,MD,"LICKING CREEK AT PECTONVILLE, MD",502.1271,18,2007,2024,25055,20262720,21,3,502.1271,12.56079,1.41076169984327,0.0811556544174511,41.43541,4.419602,0.6912849900000001,40.62983
02030000,validation,validation,02,VA,"HARDWARE RIVER BL BRIERY RUN NR SCOTTSVILLE, VA",299.5254,31,1991,2024,25555,20262720,21,3,299.5254,9.283964,1.50701785316072,0.041756200138588,53.28542,2.561228,0.6913997000000001,47.61812
02066000,validation,validation,03,VA,"ROANOKE (STAUNTON) RIVER AT RANDOLPH, VA",7686.307,34,1991,2024,26039,20262721,20,3,7686.307,8.91389,1.47426737622907,0.0374167414827393,53.74018,2.026597,0.62415334,52.6749
02304500,validation,validation,03,FL,HILLSBOROUGH RIVER NEAR TAMPA FL,1600.519,17,2008,2024,25876,20262721,20,3,1600.519,0.4016309,1.66284249896981,0.0,58.74191,10.47578,0.0155464,38.52417
02421000,validation,validation,03,AL,CATOMA CREEK NEAR MONTGOMERY AL,759.1977,30,1995,2024,26209,20262721,20,3,759.1977,1.892604,1.37445813260772,0.0024879381295614,53.05639,1.308315,0.33204205,36.79789
03042280,validation,validation,05,PA,"Yellow Creek near Homer City, PA",154.4994,30,1992,2024,21261,20262723,21,3,154.4994,9.076117,1.16286070379731,0.108687553725517,43.24395,4.637676,0.72925327,40.55575
03049500,validation,validation,05,PA,"Allegheny River at Natrona, PA",29543.64,33,1992,2024,26281,20262723,21,3,29543.64,9.671842,1.17021113984067,0.116062588229351,49.19715,2.948184,0.68246374,40.14476
03271601,validation,validation,05,OH,Great Miami River below Miamisburg OH,7019.35,23,1992,2016,25369,20262723,21,3,7019.35,1.002785,1.46811550388041,0.0598265581819285,59.46469,1.353203,0.0863610762999999,42.61562
03505550,validation,validation,06,NC,"NANTAHALA RIVER NEAR HEWITT, NC",376.2198,19,2006,2024,26281,20262724,4,1,376.2198,27.0856,0.960338074293109,0.0340214055789568,51.63633,3.23785,0.945100998,65.05655
05484000,validation,validation,07,IA,"South Raccoon River at Redfield, IA",2548.053,20,1992,2024,21429,20262725,11,2,2548.053,3.092685,1.84842690885465,0.0798382032121583,59.93232,1.234911,0.0642317451,50.84077
05508805,validation,validation,07,MO,"Spencer Cr. bl Plum Cr. nr Frankford, MO",536.4018,27,1996,2024,24973,20262725,11,2,536.4018,1.960711,1.60718792965714,0.0537755461771117,57.92059,0.5615849,0.2197526609,10.1368
06192500,validation,validation,10U,MT,Yellowstone River near Livingston MT,9208.975,29,1996,2024,25194,20262729,8,1,9208.975,23.53048,1.62153688783054,0.48526080219041,47.61678,3.48513,0.4287113883,74.11938
06808500,validation,validation,10L,IA,"West Nishnabotna River at Randolph, IA",3428.401,19,1991,2024,21543,20262728,23,4,3428.401,3.763527,2.0172929427094,0.0675267864625401,60.0,1.244733,0.00811506632,44.48429
06814500,validation,validation,10L,NE,"NORTH FORK BIG NEMAHA RIVER AT HUMBOLDT, NEBR.",1422.436,11,2008,2024,12212,20262728,23,4,1422.436,2.890771,2.15710095382471,0.0593048929119211,58.94423,0.5040113,0.0925703832,26.43247
06889500,validation,validation,10L,KS,"SOLDIER C NR TOPEKA, KS",748.5822,33,1991,2024,24649,20262728,23,4,748.5822,3.230086,1.94607867388441,0.0435560470308708,54.17567,0.5323169,0.09117796236,18.59672
06910230,validation,validation,10L,MO,"HINKSON CREEK AT COLUMBIA, MO",181.881,17,2008,2024,26156,20262728,23,4,181.881,2.811297,1.58854779885301,0.0477654095716653,59.63064,0.5894813,0.351323657,9.308174
07061270,validation,validation,11,MO,"East Fork Black River near Lesterville, MO",135.3564,21,2004,2024,26250,20262730,19,3,135.3564,11.4176,1.46031384166951,0.033139602356978,52.23826,1.911914,0.94221921,27.09265
07158000,validation,validation,11,OK,"Cimarron River near Waynoka, OK",29858.28,29,1991,2024,14900,20262730,19,3,29858.28,2.375497,4.2195468731311,0.0355767603139893,54.61292,3.229588,0.030134378667,19.93251
07287160,validation,validation,08,MS,"ABIACA CREEK AT CRUGER, MS",252.0306,18,1992,2010,6400,20262726,6,1,252.0306,3.20948,1.30459609204676,0.008034784005474,60.0,1.421705,0.59764882,23.48401
07307028,validation,validation,11,OK,"North Fork Red River near Tipton, OK",13033.75,26,1995,2024,21818,20262730,19,3,13033.75,1.778545,3.66500236941616,0.0193698851472492,56.5964,2.378911,0.0169735503,24.61493
08143600,validation,validation,12,TX,"Pecan Bayou nr Mullin, TX",5373.585,28,1997,2024,26227,20262731,21,3,5373.585,2.178731,3.49305032264291,0.0041331567027238,44.82163,0.9471467,0.0849053330299999,8.980883
08164503,validation,validation,12,TX,"W Mustang Ck nr Ganado, TX",444.879,32,1992,2024,25985,20262731,21,3,444.879,0.03479121,2.05268304046963,0.0013257572821923,60.0,0.6409559,0.041880598,11.63192
08208000,validation,validation,12,TX,"Atascosa Rv at Whitsett, TX",2972.153,33,1992,2024,25749,20262731,21,3,2972.153,1.112566,3.82899229385906,0.0012115070672183,58.19353,2.042063,0.042149145,36.27721
08379500,validation,validation,13,NM,"PECOS RIVER NEAR ANTON CHICO, NM",2701.843,33,1991,2024,22801,20262732,6,1,2701.843,14.86325,3.90469946375393,0.111118622169146,41.21769,2.161898,0.625841746,56.02973
09183600,validation,validation,14,UT,"MILL CREEK BELOW SHELEY TUNNEL, NEAR MOAB, UT",75.3372,21,2004,2024,24545,20262733,4,1,75.3372,25.14094,4.412573386819,0.217410294812136,42.37992,4.423676,0.72211742,55.89328
10309000,validation,validation,16,NV,"EAST FORK CARSON RIVER NEAR GARDNERVILLE, NV",925.4421,32,1991,2024,23336,20262735,5,1,925.4421,27.74875,2.31839648194029,0.402422579952086,35.71332,6.296446,0.37672245672,68.6377
11176900,validation,validation,18,CA,ARROYO DE LA LAGUNA A VERONA CA,1044.58,21,2004,2024,24433,20262737,5,1,1044.58,16.07211,4.92835117341322,2.37971237731461e-06,36.92663,1.538696,0.16931192093,29.12605
12155300,validation,validation,17,WA,"PILCHUCK RIVER NEAR SNOHOMISH, WA",333.4392,31,1993,2024,26171,20262736,8,1,333.4392,12.12745,0.759607173583974,0.0071412317951097,55.61716,2.288936,0.6379424,52.98241
