gauge_id,pilot_split,gauge_name,state,drain_sqkm_attr,original_split,obs_years_usable,processing_status,selected_threshold_quantile,selected_threshold_value,q99_event_count,event_count,annual_peak_years,unit_area_peak_median,unit_area_peak_p90,q99_event_frequency,rbi,rising_time_median_hours,event_duration_median_hours,annual_peak_unit_area_median,annual_peak_unit_area_p90,error_detail
01059000,train,"Androscoggin River near Auburn, Maine",ME,8444.24,train,32,ok,Q99,958.52368,73,73,35,0.13245876479114757,0.1681387966234972,2.28125,0.026233026057227608,13.0,38.0,0.1420997508360729,0.19006994400917077,
01069500,train,"MOUSAM RIVER NEAR WEST KENNEBUNK, ME",ME,264.5136,train,16,ok,Q99,27.8991272,34,34,17,0.15428918588685042,0.25909342733228086,2.125,0.017997428785879975,12.0,37.0,0.1426472438468192,0.25885255956593534,
01075000,train,"PEMIGEWASSET RIVER AT WOODSTOCK, NH",NH,504.288,train,18,ok,Q99,130.398864,136,136,24,0.4067513405038391,0.8205216860206865,7.555555555555555,0.03709117590509456,4.0,12.0,0.7973589694777587,1.5471290849673198,
01082000,train,"CONTOOCOOK RIVER AT PETERBOROUGH, NH",NH,175.023,train,20,ok,Q99,24.190759072000027,60,60,24,0.1981915519674557,0.41223842809230793,3.0,0.024760701402356453,6.0,28.5,0.23216724659044813,0.45478894088205546,
01105880,train,"HERRING RIVER AT NORTH HARWICH, MA",MA,25.5222,train,17,ok,Q99,0.7645536,44,44,18,0.03471338207521295,0.05052648564778899,2.588235294117647,0.010302559425013088,2.0,12.0,0.037764498358292,0.06253124135066726,
01110000,train,"QUINSIGAMOND RIVER AT NORTH GRAFTON, MA",MA,66.08279,train,33,ok,Q99,6.0739536,52,52,35,0.11055426685223187,0.17133768837544538,1.5757575757575757,0.009026278519014549,12.0,46.0,0.10755473248027209,0.17699395319114097,
01117468,train,"BEAVER RIVER NEAR USQUEPAUG, RI",RI,25.3413,train,34,ok,Q99,2.371532,108,108,35,0.11677007888308807,0.2087893707110527,3.176470588235294,0.013654672749289777,9.5,24.0,0.13995648210628497,0.2962831235966585,
01118300,train,"PENDLETON HILL BROOK NEAR CLARKS FALLS, CT.",CT,10.3644,train,30,ok,Q99,1.6565328,143,143,35,0.2281321446489908,0.5869963027285707,4.766666666666667,0.02577698898776599,5.0,19.0,0.36883640152830843,0.7671797151788815,
01123000,train,"LITTLE RIVER NEAR HANOVER, CT.",CT,77.85271,train,29,ok,Q99,12.15732253599991,128,128,35,0.23773826755677485,0.44874291466539823,4.413793103448276,0.026602692431913075,9.0,22.0,0.39100193172466313,0.6979839134694219,
01129200,train,"CONNECTICUT R BELOW INDIAN STREAM NR PITTSBURG, NH",NH,658.7442,train,31,ok,Q99,66.54448,85,85,35,0.12444456588763894,0.21374804969819872,2.7419354838709675,0.009750897739982852,10.0,24.0,0.14690476819378448,0.24459052846309692,
01144000,train,"WHITE RIVER AT WEST HARTFORD, VT",VT,1790.244,train,19,ok,Q99,250.037344,124,124,34,0.1850622373263086,0.3332306568266672,6.526315789473684,0.022211847848176147,6.0,16.0,0.26474181173069145,0.5155644124488058,
01157000,train,"ASHUELOT RIVER NEAR GILSUM, NH",NH,182.5785,train,12,ok,Q99,29.095512,39,39,17,0.21635590170803246,0.5857894198933612,3.25,0.019101660072503114,10.0,29.0,0.30049430792782283,0.7328442257464182,
01170500,train,"CONNECTICUT RIVER AT MONTAGUE CITY, MA",MA,20389.69,train,31,ok,Q99,1968.0176,54,54,33,0.10881093729232764,0.13038563940893658,1.7419354838709677,0.03655882202187715,12.0,40.0,0.11200513200544002,0.13274656593601963,
01183500,train,"WESTFIELD RIVER NEAR WESTFIELD, MA",MA,1292.801,train,34,ok,Q99,163.17556,114,114,35,0.15989517334841172,0.23951420829655917,3.3529411764705883,0.028767625917669525,5.0,18.0,0.19984706323711074,0.3171619328883565,
01189000,train,"PEQUABUCK R AT FORESTVILLE, CT.",CT,116.4466,train,22,ok,Q99,17.08536603200015,204,204,30,0.23651723279168305,0.5451963870134465,9.272727272727273,0.05459503666544897,2.0,8.5,0.40112585049239047,0.9685625376052593,
01195490,train,"QUINNIPIAC RIVER AT SOUTHINGTON, CT.",CT,47.5542,train,30,ok,Q99,6.9800912,131,131,35,0.2072213684595682,0.3441780200276737,4.366666666666666,0.026418552512202154,8.0,21.0,0.2816543312683212,0.5206139150695417,
01196620,train,"MILL R NR HAMDEN, CT.",CT,63.81,train,28,ok,Q99,10.6188,147,147,35,0.2780202977589719,0.5453901770882307,5.25,0.030154447163385313,6.0,19.0,0.40993016768531576,0.8021096379877763,
01382500,train,PEQUANNOCK R AT MACOPIN INTAKE DAM NJ,NJ,164.1465,train,40,ok,Q99,21.54724420431875,87,87,43,0.19493552405930067,0.30309886351521353,2.175,0.05041283543680211,14.0,48.0,0.22253701419159105,0.3229086830070767,
01555000,train,"Penns Creek at Penns Creek, PA",PA,792.6156,train,34,ok,Q99,90.755344,96,96,40,0.16800041785702935,0.26892570875465993,2.823529411764706,0.015257690603511866,8.0,29.0,0.21667677497137325,0.33369652376259057,
01585500,train,"CRANBERRY BRANCH NEAR WESTMINSTER, MD",MD,8.415,train,31,ok,Q99,0.661008497557749,363,363,39,0.19264846108140227,0.5831611931075461,11.709677419354838,0.13639006245281082,2.0,8.0,0.7419910160427808,2.3131275484254314,
01589197,train,"GWYNNS FALLS NEAR DELIGHT, MD",MD,10.6209,train,26,ok,Q99,1.73581984,419,419,27,0.39325556214633406,1.4098545170371624,16.115384615384617,0.22623805310907688,2.0,6.0,2.128912314398968,3.7432597237522245,
01589300,train,"GWYNNS FALLS AT VILLA NOVA, MD",MD,84.519,train,28,ok,Q99,16.322015896000032,296,296,33,0.33461593251221616,0.6080880275441025,10.571428571428571,0.10752645923948095,4.0,9.0,0.6566680628024467,1.4267453803286834,
01613050,train,"Tonoloway Creek near Needmore, PA",PA,27.8982,train,33,ok,Q99,3.6670256,130,130,34,0.21530784064921754,0.4356653289459536,3.9393939393939394,0.034517836472297385,3.0,24.0,0.3244208300177073,0.618924400857403,
01614500,train,"CONOCOCHEAGUE CREEK AT FAIRVIEW, MD",MD,1309.48,train,31,ok,Q99,130.328072,91,91,35,0.14758695054525459,0.25787170479885146,2.935483870967742,0.01684327761853222,13.0,31.0,0.15088468094205332,0.3067429880563277,
01617000,train,"TUSCARORA CREEK ABOVE MARTINSBURG, WV",WV,29.8539,train,18,ok,Q99,1.8264336,86,86,20,0.10153036829182117,0.2504073236662547,4.777777777777778,0.025446787484225273,4.0,13.0,0.15160392906966258,0.3997585351458083,
01618000,train,"POTOMAC RIVER AT SHEPHERDSTOWN, WV",WV,15422.54,train,11,ok,Q99,1372.0268312000003,39,39,18,0.10575739664153894,0.17249839261237124,3.5454545454545454,0.013735843225108372,11.0,28.0,0.10759346255545454,0.18506626379312358,
01638350,train,"S F CATOCTIN CREEK AT RT 698 NEAR WATERFORD, VA",VA,81.8712,train,23,ok,Q99,9.8542464,165,165,25,0.24380959697800444,0.6365739161023656,7.173913043478261,0.07026077354659609,4.0,12.0,0.5813499902761214,1.336614995330026,
01638500,train,"POTOMAC RIVER AT POINT OF ROCKS, MD",MD,25001.5,train,30,ok,Q99,1841.0521480000164,80,80,34,0.09847992160470372,0.16207563866168032,2.6666666666666665,0.011413872447265161,13.5,32.5,0.10251482351058937,0.18311375877447353,
01653600,train,"PISCATAWAY CREEK AT PISCATAWAY, MD",MD,102.7305,train,27,ok,Q99,15.1070128,141,141,34,0.21865270391947864,0.6146807812674911,5.222222222222222,0.05648801515981707,9.0,19.0,0.3938229445004161,1.440227391058821,
01656000,train,"CEDAR RUN NEAR CATLETT, VA",VA,241.2711,train,33,ok,Q99,30.582144,208,208,35,0.20817629629077003,0.4655285577095641,6.303030303030303,0.06217816862630227,6.0,13.0,0.3946400542791905,0.9324068137460314,
01656903,train,"FLATLICK BRANCH ABOVE FROG BRANCH AT CHANTILLY, VA",VA,10.8702,train,16,ok,Q99,2.1254896827399397,217,217,19,0.4419805593370499,1.2426687166652315,13.5625,0.18180899202153442,2.0,8.0,1.7357939802298392,5.578593512538867,
01660400,train,"AQUIA CREEK NEAR GARRISONVILLE, VA",VA,90.6984,train,25,ok,Q99,10.904374927999974,214,214,34,0.21300416324874527,0.5147535568433401,8.56,0.0651099879560843,4.0,13.0,0.5049970451518438,0.6717943690296632,
01661050,train,"ST CLEMENT CREEK NEAR CLEMENTS, MD",MD,47.85433,train,27,ok,Q99,5.7199936,163,163,36,0.18358395572563657,0.5609000213773759,6.037037037037037,0.05534467667791642,7.0,19.0,0.36583652095850056,1.7130557673673419,
01671100,train,"LITTLE RIVER NEAR DOSWELL, VA",VA,277.6545,train,32,ok,Q99,23.1348256,84,84,35,0.11269424410553404,0.2729393400791271,2.625,0.019262894126247723,14.0,32.0,0.11524388763733345,0.3271702580005007,
01673000,train,"PAMUNKEY RIVER NEAR HANOVER, VA",VA,2796.263,train,22,ok,Q99,202.11116,35,35,23,0.08967155950638406,0.14238081611064482,1.5909090909090908,0.013604921090297739,23.0,54.0,0.08683609517416638,0.14926694377460206,
02011800,train,"JACKSON RIVER BL GATHRIGHT DAM NR HOT SPGS, VA",VA,895.0734,train,34,ok,Q99,100.099888,87,87,35,0.14884873575731333,0.18437628735252326,2.5588235294117645,0.014816368428930715,3.0,30.0,0.15849780364381288,0.19551226078218836,
02017500,train,"JOHNS CREEK AT NEW CASTLE, VA",VA,276.1497,train,33,ok,Q99,29.808387440000494,138,138,35,0.19470064244140045,0.34828214986291856,4.181818181818182,0.023252109514839595,6.5,18.0,0.2655824431458734,0.517629410424853,
02018500,train,"CATAWBA CREEK NEAR CATAWBA, VA",VA,91.63204,train,34,ok,Q99,9.859131048000016,145,145,35,0.23841454582916627,0.8407087128039487,4.264705882352941,0.04825236782333338,4.0,18.0,0.45117982749265434,1.181874828935381,
02027500,train,"PINEY RIVER AT PINEY RIVER, VA",VA,123.3423,train,32,ok,Q99,17.4431488,110,110,35,0.23158780077880825,0.6382295773631594,3.4375,0.02320624534152732,4.0,25.5,0.5113871883368479,1.0851050710097025,
02028500,train,"ROCKFISH RIVER NEAR GREENFIELD, VA",VA,245.4534,train,26,ok,Q99,29.449472,143,143,28,0.20708067600611768,0.567943269068589,5.5,0.033280006044296366,4.0,13.0,0.5273635321409278,0.8181128768230549,
02035000,train,"JAMES RIVER AT CARTERSVILLE, VA",VA,16207.12,train,29,ok,Q99,1284.8748,74,74,31,0.10727701898918499,0.14347427698443646,2.5517241379310347,0.013461573727184529,15.0,37.0,0.12627763106585252,0.17179174091386992,
02038850,train,"HOLIDAY CREEK NEAR ANDERSONVILLE, VA",VA,22.00359,train,31,ok,Q99,2.02252744,217,217,35,0.20590676339633668,0.6111312737603274,7.0,0.07625946402370823,3.0,13.0,0.48259397671016413,2.685796345050967,
02040000,train,"APPOMATTOX RIVER AT MATTOAX, VA",VA,1878.608,train,31,ok,Q99,139.035488,39,39,35,0.09330365462086822,0.1799750623866182,1.2580645161290323,0.012258551347373099,47.0,105.0,0.07423594491240323,0.18118092545118514,
02042500,train,"CHICKAHOMINY RIVER NEAR PROVIDENCE FORGE, VA",VA,646.929,train,34,ok,Q99,51.961328,46,46,35,0.11916684520248744,0.193140020002195,1.3529411764705883,0.009274682423837149,18.0,70.0,0.11686886196166814,0.20213498297340204,
02044500,train,"NOTTOWAY RIVER NEAR RAWLINGS, VA",VA,819.7965,train,34,ok,Q99,71.216752,81,81,35,0.13151582862332298,0.2946944743922498,2.3823529411764706,0.021357267742004242,17.0,38.0,0.1960216224392273,0.36441024083415824,
02062500,train,"ROANOKE (STAUNTON) RIVER AT BROOKNEAL, VA",VA,6229.019,train,33,ok,Q99,508.99448,77,77,35,0.11183033476057787,0.1692683949109804,2.3333333333333335,0.01653456555083744,10.0,29.0,0.11046655019032692,0.21100020276065945,
02070500,train,"MAYO RIVER NEAR PRICE, NC",NC,672.642,train,29,ok,Q99,58.332608,173,173,32,0.15870899527534704,0.3334993794618831,5.9655172413793105,0.029494094572334286,5.0,15.0,0.28689702992081967,0.5415891841425305,
02074500,train,"SANDY RIVER NEAR DANVILLE, VA",VA,288.531,train,33,ok,Q99,26.122248,184,184,35,0.19346098686103053,0.510089272903085,5.575757575757576,0.04480526351246035,5.0,17.0,0.48334577567055187,0.8669800167053108,
02075045,train,"DAN RIVER AT STP NEAR DANVILLE, VA",VA,5483.278,train,29,ok,Q99,496.95984,84,84,30,0.11871228123031514,0.18875188162993012,2.896551724137931,0.02632246981623424,12.0,27.0,0.1456952793566184,0.21028663802929562,
0209553650,train,"BUFFALO CREEK AT SR2819 NR MCLEANSVILLE, NC",NC,229.7493,train,26,ok,Q99,56.775184,193,193,28,0.35342185590989833,0.6633977818430785,7.423076923076923,0.09125640519623912,5.0,12.0,0.6398260538769869,0.9237344218241361,
02104220,train,"ROCKFISH CREEK AT RAEFORD, NC",NC,241.7823,train,34,ok,Q99,11.397512,78,78,35,0.06482421914259232,0.11837593405307172,2.2941176470588234,0.008380951610330705,13.5,37.5,0.07823410729404097,0.1710492720103995,
02163001,train,"SALUDA RIVER NEAR WILLIAMSTON, SC",SC,1087.174,train,17,ok,Q99,107.36951848000017,44,44,18,0.1321846916868873,0.22386096135224742,2.588235294117647,0.040469110294069605,10.5,30.5,0.1598913844517989,0.27406509795120204,
02218565,train,"APALACHEE RIVER AT FENCE ROAD, NEAR DACULA, GA",GA,14.832,train,23,ok,Q99,2.44861740880001,260,260,25,0.31668346817691473,0.9994978910463861,11.304347826086957,0.1135302396940069,2.0,8.5,1.1068409385113267,1.7829732686084143,
02232000,train,ST. JOHNS RIVER NEAR MELBOURNE FLA,FL,2575.944,train,29,ok,Q99,139.743408,21,21,32,0.06155959912172004,0.09124012012683505,0.7241379310344828,0.06701704135586092,13.0,89.0,0.0448230831105024,0.08795052904876816,
02298880,train,MYAKKA RIVER AT CONTROL NEAR LAUREL FL,FL,682.3655,train,17,ok,Q99,67.110816,11,11,18,0.14980776138301247,0.224504152100304,0.6470588235294118,0.004708631473165852,47.0,165.0,0.10893223646271682,0.2544760788756173,
02303420,train,CYPRESS CREEK AT WORTHINGTON GARDENS FL,FL,292.1625,train,32,ok,Q99,17.3581984,17,17,35,0.07773096684208275,0.1453821075600051,0.53125,0.0047512625146588165,74.0,186.0,0.028591814486801006,0.09087350936550721,
02304510,train,HILLSBOROUGH RIVER AT ROWLETT PK DR NEAR TAMPA FL,FL,1601.19,train,10,ok,Q99,48.350936,37,37,14,0.03691711789356666,0.04633429886521899,3.7,0.1232947171408991,2.0,9.0,0.04292996583790805,0.05603443738719327,
02324500,train,"FENHOLLOWAY RIVER AT FOLEY, FLA.",FL,312.1136,train,15,ok,Q99,15.2344384,9,9,17,0.06042347658032203,0.08118157183794618,0.6,0.005515282044239061,35.0,97.0,0.02903230105961419,0.06390735270747573,
02342500,train,"UCHEE CREEK NEAR FORT MITCHELL, AL.",AL,830.574,train,30,ok,Q99,116.13993935999909,77,77,31,0.25126577041901144,0.47968919807265853,2.566666666666667,0.028416846886383712,21.0,37.0,0.32729326947388193,0.6682237585091756,
02343940,train,"SAWHATCHEE CREEK AT CEDAR SPRINGS, GA",GA,168.3378,train,23,ok,Q99,20.387104911999902,46,46,24,0.20269805118042414,0.5290335028733892,2.0,0.016927809952752365,13.5,42.0,0.20269805118042414,0.6659177677265594,
02371500,train,CONECUH RIVER AT BRANTLEY AL,AL,1292.785,train,30,ok,Q99,119.496896,44,44,31,0.12977953797421843,0.25736870399950496,1.4666666666666666,0.009932349503513797,15.5,56.0,0.10776629988745227,0.28255798141222244,
02372250,train,PATSALIGA CREEK NEAR BRANTLEY AL,AL,1145.223,train,30,ok,Q99,109.869184,46,46,31,0.1583701200552207,0.29423956731571055,1.5333333333333334,0.01178637095830836,15.5,54.5,0.16665333476536884,0.3066025743457824,
02374500,train,MURDER CREEK NEAR EVERGREEN AL,AL,445.7151,train,29,ok,Q99,42.4752,78,78,31,0.14929824006411269,0.3387481770305739,2.689655172413793,0.015431067049448117,10.0,32.0,0.18932287463449185,0.7607857126671275,
02400100,train,TERRAPIN CREEK AT ELLISVILLE AL,AL,654.7608,train,30,ok,Q99,70.225664,114,114,31,0.1602321702826437,0.29704579260090097,3.8,0.021752345167317676,6.0,18.5,0.24542984247071603,0.3686853580727496,
02419890,train,TALLAPOOSA RIVER NEAR MONT.-MONT. WATER WORKS,AL,12066.89,train,26,ok,Q99,1006.7613488000098,34,34,29,0.1167459718286982,0.1819183839415127,1.3076923076923077,0.01960114077209711,34.0,67.0,0.08260217504261662,0.18275731228178926,
02425000,train,CAHABA RIVER NEAR MARION JUNCTION AL,AL,4572.621,train,27,ok,Q99,541.077414400005,35,35,31,0.1569845565595749,0.19482185993547246,1.2962962962962963,0.011619528632958,39.0,81.0,0.12849820704580592,0.19259249345178617,
02450180,train,"MULBERRY FORK NEAR ARKADELPHIA, AL.",AL,1264.127,train,26,ok,Q99,241.04676,90,90,31,0.27384343503461284,0.5558629726285413,3.4615384615384617,0.027423330151324265,11.0,26.0,0.35616446765237986,0.5997675233580171,
02455980,train,TURKEY CREEK AT SEWAGE PLANT NEAR PINSON AL,AL,71.4042,train,30,ok,Q99,12.105148832000149,266,266,31,0.4040557782315326,1.0519032773982482,8.866666666666667,0.08268755351597214,2.0,9.0,1.172857282904927,2.369508796401332,
02461500,train,"VALLEY CREEK NEAR BESSEMER, AL",AL,138.8301,train,30,ok,Q99,34.90951737599978,452,452,31,0.4242519741756291,0.8546739590333801,15.066666666666666,0.13324293569700238,2.0,6.0,1.0091281933816947,1.6541747646944,
02479945,train,"BIG CREEK AT COUNTY RD 63 NEAR WILMER, AL.",AL,81.999,train,30,ok,Q99,10.335632,133,133,31,0.20685329333284552,0.6167612385516893,4.433333333333334,0.028347912496060137,7.0,20.0,0.4152605763484921,0.9548403273210649,
03032500,train,"Redbank Creek at St. Charles, PA",PA,1376.622,train,31,ok,Q99,190.87646959999918,117,117,34,0.19932108596259537,0.33970977653996526,3.774193548387097,0.022451648116991355,7.0,19.0,0.26226458679288867,0.3928312114727209,
03044000,train,"Conemaugh River at Tunnelton, PA",PA,3525.936,train,15,ok,Q99,353.96,13,13,16,0.12829526117320336,0.16720546714404344,0.8666666666666667,0.017049501055432122,22.0,126.0,0.09356117637983219,0.16202547068352913,
03048500,train,"Kiskiminetas River at Vandergrift, PA",PA,4728.982,train,33,ok,Q99,470.05888,30,30,34,0.12073158239976384,0.1575423649318183,0.9090909090909091,0.011284554785711855,26.5,93.5,0.10329174439657415,0.1547280391424624,
03057000,train,"TYGART VALLEY RIVER AT COLFAX, WV",WV,3514.229,train,14,ok,Q99,379.44512,23,23,15,0.12932698466719159,0.16486168886546668,1.6428571428571428,0.010605076081845483,9.0,67.0,0.11522591157263799,0.16131627620169317,
03095500,train,Mosquito Creek bl Mosquito Ck Dam nr Cortland OH,OH,245.4543,train,17,ok,Q99,19.8500768,19,19,18,0.08704278393167282,0.10143454973084604,1.1176470588235294,0.012409312897836361,13.0,74.0,0.08133222355444578,0.10061834337389892,
03117000,train,Tuscarawas River at Massillon OH,OH,1336.8,train,34,ok,Q99,112.417696,54,54,35,0.1089840933572711,0.13509155595451824,1.588235294117647,0.017003836606194297,21.0,54.0,0.10866635547576302,0.13760168521843208,
03145483,train,Raccoon Creek near Granville OH,OH,205.7877,train,14,ok,Q99,39.64352,108,108,18,0.3073684773191012,0.4992544724490336,7.714285714285714,0.06654471382831262,5.0,14.0,0.4609667147259044,0.7368243330383693,
03155000,train,"LITTLE KANAWHA RIVER AT PALESTINE, WV",WV,3924.7,train,28,ok,Q99,481.3856,82,82,29,0.1646828955079369,0.27240318597599816,2.9285714285714284,0.02290912889394793,12.0,32.0,0.21103941702550513,0.3170281020205366,
03157000,train,Clear Creek near Rockbridge OH,OH,228.8763,train,29,ok,Q99,25.5409748880001,200,200,35,0.19857217195489443,0.3813080585451617,6.896551724137931,0.049575486773747714,4.0,14.0,0.3028070971087876,0.5648233873057195,
03165000,train,"CHESTNUT CREEK AT GALAX, VA",VA,101.9961,train,34,ok,Q99,12.8558272,227,227,35,0.2593723720808933,0.6036983923895131,6.676470588235294,0.03889308990896021,4.0,12.0,0.5850974301958605,1.2713896472512185,
03167000,train,"REED CREEK AT GRAHAMS FORGE, VA",VA,668.9571,train,33,ok,Q99,49.58767223999802,117,117,34,0.108364210500195,0.2763287367754973,3.5454545454545454,0.01907506753997278,10.0,26.0,0.18085394115706374,0.3651683409892802,
03168000,train,"NEW RIVER AT ALLISONIA, VA",VA,5728.39,train,34,ok,Q99,501.20736,110,110,35,0.12982181031668583,0.2999804496551387,3.235294117647059,0.018334052626623975,10.0,28.0,0.19229199129249228,0.38782180403219757,
03175500,train,"WOLF CREEK NEAR NARROWS, VA",VA,578.2518,train,32,ok,Q99,63.7128,102,102,35,0.19930655814646836,0.44084945693208416,3.1875,0.019666362615096546,8.0,30.0,0.29283862843142033,0.5376869799627083,
03179000,train,"BLUESTONE RIVER NEAR PIPESTEM, WV",WV,1024.424,train,28,ok,Q99,117.089968,92,92,29,0.15278938408315307,0.27170388979563154,3.2857142857142856,0.022362038749214597,8.0,26.0,0.2128409330511585,0.40135718803932746,
03187500,train,"CRANBERRY RIVER NEAR RICHWOOD, WV",WV,207.415,train,27,ok,Q99,44.245,151,151,29,0.3658801147457995,0.7563342670491526,5.592592592592593,0.03551406709538564,4.0,17.0,0.731760229491599,1.1593484829930332,
03201980,train,Little Raccoon Creek near Ewington OH,OH,256.6818,train,20,ok,Q99,32.91828,50,50,22,0.17761309138396256,0.28547719082537215,2.5,0.022833619527000887,14.0,40.5,0.2083644263052542,0.42958098003052836,
03221000,train,Scioto River below O Shaughnessy Dam nr Dublin OH,OH,2549.06,train,34,ok,Q99,268.443264,73,73,35,0.13469325947604216,0.2101770283947808,2.1470588235294117,0.022109690131107463,9.0,42.0,0.16218734749280125,0.24094818952868904,
03228500,train,Big Walnut Creek at Central College OH,OH,490.9968,train,34,ok,Q99,75.605856,96,96,35,0.21727950976462576,0.30515732078090935,2.823529411764706,0.02867201977670435,8.0,31.5,0.26240790164009214,0.3686398477546086,
03228750,train,Alum Creek near Kilbourne OH,OH,169.9686,train,19,ok,Q99,36.81184,138,138,25,0.32903536300234276,0.663568532070041,7.2631578947368425,0.07882703281604404,5.0,14.0,0.5976781593776732,1.1367130540582204,
03229796,train,Walnut Creek at Ashville OH,OH,704.7171,train,15,ok,Q99,95.498408,50,50,20,0.1945803557200471,0.3262259706767439,3.3333333333333335,0.0350093161807637,6.0,35.0,0.19031103970657165,0.36702054086668257,
03230800,train,Deer Creek at Mount Sterling OH,OH,594.3465,train,28,ok,Q99,84.100896,89,89,30,0.21391971181793784,0.4223127673840092,3.1785714285714284,0.03188769929246317,13.0,28.0,0.28062073554736167,0.5338464077772814,
03234300,train,Paint Creek at Chillicothe OH,OH,2944.457,train,32,ok,Q99,261.72935071999404,135,135,36,0.12069316685555265,0.21320856646913175,4.21875,0.02404377689400201,7.0,21.0,0.17118234024134163,0.2584564828082054,
03261500,train,Great Miami River at Sidney OH,OH,1403.33,train,31,ok,Q99,152.000334880001,70,70,35,0.13663224758253584,0.19832232532618843,2.2580645161290325,0.01888880122383529,8.0,35.0,0.15103450221972023,0.22539150164252172,
03261950,train,Loramie Creek near Newport OH,OH,394.6005,train,32,ok,Q99,64.279136,77,77,35,0.21958767918439026,0.3368446294416759,2.40625,0.030419538078660935,15.0,34.0,0.2612088732781636,0.4101481635223473,
03262000,train,Loramie Creek at Lockington OH,OH,666.9864,train,32,ok,Q99,104.205824,61,61,35,0.18849948364764257,0.23647345133274084,1.90625,0.030076569604829802,11.0,43.0,0.195716806219737,0.2509930061542484,
03288100,train,"NORTH ELKHORN CREEK AT GEORGETOWN, KY",KY,380.4579,train,29,ok,Q99,74.22187240000082,118,118,32,0.29408445980488246,0.4794479136850621,4.068965517241379,0.03542501405364919,8.0,23.5,0.3964852703493685,0.6478603430234988,
03297800,train,"CEDAR CREEK AT HWY 1442 NEAR SHEPHERDSVILLE, KY",KY,31.3911,train,21,ok,Q99,6.827746816000074,244,244,24,0.5263546928906602,1.4635096036774773,11.619047619047619,0.17319126015336148,2.0,9.0,1.5835744016616173,3.195563838157948,
03297900,train,"FLOYDS FORK NEAR PEWEE VALLEY, KY",KY,207.5247,train,26,ok,Q99,61.83398031999943,240,240,34,0.5302798365688518,0.8852551970922015,9.23076923076923,0.09688698147086205,4.0,11.0,0.894090351654526,1.3615916961849563,
03466208,train,"BIG LIMESTONE CREEK NEAR LIMESTONE, TN",TN,203.0913,train,28,ok,Q99,12.530184,111,111,30,0.09434690051275264,0.27188638804321014,3.9642857142857144,0.028173165147053415,9.0,21.0,0.21297767063384793,0.5244618710476747,
03539800,train,"OBED RIVER NEAR LANCING, TN",TN,1340.657,train,25,ok,Q99,306.76438943999636,111,111,27,0.398141866264078,0.8379988617521111,4.44,0.03634751851152746,5.0,20.0,0.7688256727858058,1.1037083937203924,
03574500,train,PAINT ROCK RIVER NEAR WOODVILLE AL,AL,813.8025,train,29,ok,Q99,204.164128,74,74,31,0.36317976413196074,0.5964847048270311,2.5517241379310347,0.02421564188767125,12.5,35.5,0.4471243084163541,0.7080918036009965,
03575100,train,"FLINT RIVER AT BROWNSBORO, AL.",AL,968.5789,train,22,ok,Q99,194.76861375999786,80,80,23,0.3457087078812062,0.6996033301985016,3.6363636363636362,0.035008654084344455,12.0,24.0,0.5722831253086352,1.0425346742531765,
03578000,train,"ELK RIVER NEAR PELHAM, TN",TN,168.7671,train,20,ok,Q99,44.59896,89,89,25,0.4026870166045396,0.8325554068298856,4.45,0.03307115310292219,6.0,20.0,0.59815800591466,1.1152752497376563,
03596000,train,"DUCK RIVER BELOW MANCHESTER, TN",TN,289.5669,train,16,ok,Q99,69.163784,80,80,18,0.34556605744648305,0.696486127385416,5.0,0.04719479447983688,8.0,17.0,0.6186451421070571,0.9688806807684167,
04188337,train,Blanchard River below Mt. Blanchard OH,OH,369.3456,train,15,ok,Q99,57.95528664000091,43,43,18,0.2476359918731941,0.3798107441918897,2.8666666666666667,0.03969587160965164,19.0,37.0,0.280794681187484,0.48083932880207597,
04191500,train,Auglaize River near Defiance OH,OH,6038.764,train,32,ok,Q99,690.222,54,54,35,0.13938562262078796,0.1897942161674144,1.6875,0.029207849421556124,25.5,53.5,0.14395756482617966,0.19654662311691598,
04192500,train,Maumee River near Defiance OH,OH,14248.29,train,32,ok,Q99,1223.28576,51,51,35,0.09703394302053087,0.1467681862174338,1.59375,0.015931309102482312,25.0,51.0,0.09862384889695534,0.16056061969541607,
04285500,train,"NORTH BRANCH WINOOSKI RIVER AT WRIGHTSVILLE, VT",VT,181.8963,train,24,ok,Q99,25.6833376,49,49,35,0.1503436276603757,0.16976414803379727,2.0416666666666665,0.03684889411969975,10.0,45.0,0.14913714242675635,0.16991982354781268,
04296500,train,"CLYDE RIVER AT NEWPORT, VT",VT,375.0174,train,25,ok,Q99,37.661344,22,22,35,0.12458813911034528,0.18584397417293172,0.88,0.010303758045080007,47.0,108.5,0.09627265294890318,0.1780100230015994,
05124480,train,"KAWISHIWI RIVER NEAR ELY, MN",MN,707.2242,train,27,ok,Q99,28.3168,7,7,28,0.05024938909047513,0.07475347365092992,0.25925925925925924,0.0033810833856066287,203.0,484.0,0.027807331253653367,0.051510628736969134,
05338500,train,"SNAKE RIVER NEAR PINE CITY, MN",MN,2525.525,train,24,ok,Q99,165.086944,15,15,28,0.08235392482751111,0.11789673513427901,0.625,0.005577650856272956,59.0,127.0,0.05849987784718029,0.10175390827649697,
05387500,train,"Upper Iowa River at Decorah, IA",IA,1269.237,train,18,ok,Q99,107.95638416000075,50,50,23,0.135050451048979,0.24067016640706185,2.7777777777777777,0.014941699095256498,11.0,40.0,0.1621944018335425,0.3817257517705519,
05455500,train,"English River at Kalona, IA",IA,1486.906,train,20,ok,Q99,182.926528,46,46,35,0.1681118725729804,0.27423517021250843,2.3,0.021140538370300707,29.0,58.0,0.11950178424190903,0.3628854978055104,
05481000,train,"Boone River near Webster City, IA",IA,2123.136,train,13,ok,Q99,193.686912,43,43,35,0.11056581961777295,0.18518774492072107,3.3076923076923075,0.010519454423980341,14.0,38.0,0.09189366672695486,0.17891923645023208,
05485500,train,"Des Moines River blw Raccoon Riv at Des Moines, IA",IA,25539.99,train,32,ok,Q99,1055.50872,29,29,37,0.0488947286197058,0.06501557565214393,0.90625,0.005690938889070723,38.0,80.0,0.031127426439869394,0.05910607670558993,
05486000,train,"North River near Norwalk, IA",IA,904.6017,train,16,ok,Q99,77.16328,41,41,35,0.14180285533401052,0.3185086209765027,2.5625,0.018196496081120984,16.0,51.0,0.1011088791895925,0.335881818484312,
05487470,train,"South River near Ackworth, IA",IA,1193.412,train,14,ok,Q99,156.2712162400001,121,121,35,0.21829390017864744,0.4935340351865072,8.642857142857142,0.0591897756961384,6.0,17.0,0.3155770513452186,0.6729146748985263,
05488500,train,"Des Moines River near Tracy, IA",IA,32259.56,train,34,ok,Q99,1242.0668775999784,11,11,35,0.04222122310409689,0.09128913103588518,0.3235294117647059,0.0050776767166952706,72.0,324.0,0.02343672883325129,0.03750754393426322,
05502300,train,"Salt River at Hagers Grove, MO",MO,935.1459,train,25,ok,Q99,175.493368,84,84,30,0.25954278578348045,0.5156032999770411,3.36,0.053453064948587835,11.5,24.5,0.3467131278659298,0.877608142216097,
05503800,train,"Crooked Creek near Paris, MO",MO,212.6412,train,28,ok,Q99,38.652432,102,102,31,0.27948433323363486,0.5195179297332785,3.642857142857143,0.06527191180893403,6.0,32.0,0.3658764529169324,0.6405334808118088,
05507800,train,"Salt River near Center, MO",MO,6172.583,train,29,ok,Q99,305.11352,41,41,35,0.05344451747347909,0.06491329804718705,1.4137931034482758,0.09488994145101484,10.0,52.0,0.045737496927947346,0.06326179364457311,
06062500,train,Tenmile Creek near Rimini MT,MT,85.3542,train,22,ok,Q99,5.8191024,34,34,29,0.08264880697142027,0.14147197685323135,1.5454545454545454,0.017754127397913374,7.5,37.0,0.06684890960257374,0.11746387388996532,
06071300,train,Little Prickly Pear Cr at Wolf Cr MT,MT,1011.456,train,15,ok,Q99,16.56285027999996,10,10,18,0.02006618814856998,0.04427579568463679,0.6666666666666666,0.008963835383589209,22.0,65.0,0.012948185585927613,0.027588034121108593,
06186500,train,Yellowstone River at Yellowstone Lk Outlet YNP,WY,2567.444,train,10,ok,Q99,207.11757023999803,6,6,34,0.09648693616610646,0.10732770023416285,0.6,0.002638391432970227,222.0,680.0,0.0523058824262574,0.08059021252264899,
06195600,train,Shields River nr Livingston MT,MT,2187.574,train,23,ok,Q99,64.845472,21,21,33,0.04012759339798333,0.056437518456518496,0.9130434782608695,0.011051412631386122,31.0,73.0,0.020775737872181694,0.05030187998211718,
06392900,train,"BEAVER CREEK AT MALLO CAMP, NEAR FOUR CORNERS, WY",WY,26.3601,train,20,ok,Q99,0.142362712,321,321,30,0.009238374664739512,0.017778500081562666,16.05,0.03053011112190999,1.0,4.0,0.01750994267851791,0.0807552110955573,
06400000,train,HAT CR NEAR EDGEMONT SD,SD,2482.469,train,10,ok,Q99,14.87212494400005,31,31,35,0.013716566853402803,0.03638739980237417,3.1,0.040707119946914276,9.0,39.0,0.004160596889628833,0.033969177621150565,
06430500,train,REDWATER CR AT WY-SD STATE LINE,SD,1237.325,train,33,ok,Q99,3.787372,47,47,35,0.004966153274200392,0.020150681833794672,1.4242424242424243,0.010546636224038976,9.0,31.0,0.003615908835592912,0.02587320084860486,
06430770,train,"SPEARFISH CREEK NEAR LEAD, SD",SD,173.2536,train,30,ok,Q99,1.87174048,43,43,35,0.011931217590861026,0.015971487438067665,1.4333333333333333,0.00903998856724563,3.0,19.0,0.009602178540590211,0.015275227343039339,
06431500,train,SPEARFISH CR AT SPEARFISH SD,SD,427.1049,train,31,ok,Q99,6.158904,29,29,35,0.02086773717651097,0.07498462508859062,0.9354838709677419,0.012380483172463678,12.0,71.0,0.01228196445416571,0.061403192330502426,
06436190,train,WHITEWOOD CREEK NEAR WHITEWOOD SD,SD,200.0997,train,32,ok,Q99,6.7110816,59,59,35,0.048503736887161746,0.14499468654875544,1.84375,0.028259462769165168,8.0,33.0,0.048503736887161746,0.19585462247069843,
06449500,train,LITTLE WHITE R NEAR ROSEBUD SD,SD,2774.185,train,11,ok,Q99,18.415406127999976,38,38,28,0.008401842703352515,0.014910240521089984,3.4545454545454546,0.01645814051168196,10.0,33.5,0.00649053513013732,0.0158977919641264,
06600000,train,"Perry Creek at 38th Street, Sioux City, IA",IA,168.0579,train,11,ok,Q99,6.2863296,64,64,17,0.10406629857923966,0.33614614963057377,5.818181818181818,0.05255919552777004,4.0,13.0,0.21735766066337853,0.5031240114270142,
06600500,train,"Floyd River at James, IA",IA,2297.873,train,12,ok,Q99,87.54351096000033,39,39,35,0.06897826294142452,0.1707974496414729,3.25,0.011690813158868978,29.0,72.0,0.03616814680358749,0.18644772100111717,
06803500,train,"SALT CREEK AT LINCOLN, NEBR.",NE,1774.213,train,29,ok,Q99,75.02512563242406,108,108,34,0.07347279543098828,0.20570041890501636,3.7241379310344827,0.048380942443837345,7.0,24.0,0.11988107628565453,0.2793833570151949,
06803520,train,"STEVENS CREEK NR. LINCOLN, NEBR.",NE,123.0615,train,19,ok,Q99,8.14108,158,158,35,0.16679579234772857,0.483331004416491,8.31578947368421,0.09902526692082515,4.0,15.0,0.3503315659243549,0.7832700495280815,
06814000,train,"TURKEY C NR SENECA, KS",KS,713.826,train,25,ok,Q99,60.95899119999835,120,120,36,0.1621968322812562,0.42485553622311323,4.8,0.06801821622758635,8.0,19.0,0.177320657975473,0.49487141124027423,
06815000,train,"BIG NEMAHA RIVER AT FALLS CITY, NEBR.",NE,3473.247,train,18,ok,Q99,250.31414072000027,79,79,34,0.13778286427656888,0.3017770840945088,4.388888888888889,0.04640631793455382,8.0,24.0,0.15255987264942572,0.33267631815416526,
06820500,train,"Platte River near Agency, MO",MO,4541.226,train,27,ok,Q99,436.78664,61,61,31,0.11753911388686668,0.14591062413542072,2.259259259259259,0.025896657040148267,17.0,37.0,0.12408638548268684,0.15354910766387755,
06836500,train,"DRIFTWOOD CREEK NEAR MC COOK, NEBR.",NE,935.0073,train,24,ok,Q99,0.9061376,98,98,34,0.0021937777384197963,0.009444411909939098,4.083333333333333,0.04514975492773811,5.0,18.5,0.0031000596893735483,0.02080587135522898,
06847500,train,"SAPPA CREEK NEAR STAMFORD, NEBR.",NE,9855.951,train,14,ok,Q99,4.9271232,46,46,35,0.0007799177713092121,0.002056397155383585,3.2857142857142856,0.019704475517361913,7.0,24.0,0.0005710219135626792,0.001405216693954749,
06853800,train,"WHITE ROCK C NR BURR OAK, KS",KS,589.4253,train,34,ok,Q99,11.2700864,76,76,35,0.04096727982324477,0.12328617044432943,2.235294117647059,0.042692470578587514,11.0,34.5,0.04257666577936169,0.18409453683104557,
06862850,train,"SMOKY HILL R BL SCHOENCHEN, KS",KS,14460.83,train,27,ok,Q99,6.3429632,61,61,35,0.0011396564097634783,0.005820667831652817,2.259259259259259,0.045779325191560534,7.0,31.0,0.0009888771253102346,0.0063053155316811,
06866500,train,"SMOKY HILL R NR MENTOR, KS",KS,20903.34,train,34,ok,Q99,95.144448,41,41,35,0.006773271639843202,0.01250345944715055,1.2058823529411764,0.012489416096232983,18.0,40.0,0.004023323354066862,0.010207320361243706,
06870200,train,"SMOKY HILL R AT NEW CAMBRIA, KS",KS,29925.4,train,16,ok,Q99,226.07283615999867,13,13,17,0.010597958924525653,0.016710710232778845,0.8125,0.009673489957115783,28.0,49.0,0.004437895299645118,0.012339052176412011,
06874000,train,"SF SOLOMON R AT OSBORNE, KS",KS,5102.32,train,31,ok,Q99,30.865312,48,48,35,0.009184900986218034,0.03869312971354211,1.5483870967741935,0.02040695842060328,13.5,34.0,0.006465504319603631,0.03447528998573199,
06881000,train,"BIG BLUE RIVER NEAR CRETE, NEBR.",NE,7024.251,train,23,ok,Q99,127.000848,38,38,34,0.024570718785533147,0.04358833418680515,1.6521739130434783,0.015189340874200078,25.0,56.0,0.022336711677594236,0.04661180245409795,
06882000,train,BIG BLUE R AT BARNESTON NEBR,NE,11512.53,train,21,ok,Q99,291.66304,54,54,35,0.03514225630682395,0.06109156892533613,2.5714285714285716,0.018578845567070287,8.5,27.0,0.029761770870521075,0.06099933203214237,
06887000,train,"BIG BLUE R NR MANHATTAN, KS",KS,24991.78,train,31,ok,Q99,478.55392,23,23,35,0.023000804264442152,0.028439418080664924,0.7419354838709677,0.008146901999560523,34.0,141.0,0.0140497523585755,0.02627530299962628,
06890100,train,"DELAWARE R NR MUSCOTAH, KS",KS,1131.965,train,31,ok,Q99,138.823112,139,139,36,0.22933064538214523,0.42601591391960003,4.483870967741935,0.07115286997147141,6.0,18.0,0.3092555335191459,0.49186951893388936,
06897000,train,"East Fork Big Creek near Bethany, MO",MO,235.5885,train,21,ok,Q99,32.776696,90,90,29,0.2211606763488031,0.48754510513034416,4.285714285714286,0.056812085019482816,7.0,22.5,0.31972141254772624,0.5836718719292325,
06897500,train,"Grand River near Gallatin, MO",MO,5819.077,train,20,ok,Q99,735.52888,59,59,31,0.1580298868703748,0.1927988950825019,2.95,0.029397498093053944,16.0,31.0,0.14501279842146786,0.19768942737825945,
06903700,train,"South Fork Chariton River near Promise City, IA",IA,439.3953,train,20,ok,Q99,89.481088,116,116,35,0.35267488751017595,0.587334994252328,5.8,0.06868746859465132,10.0,23.5,0.49235927648748173,1.1200529090775437,
06904010,train,"Chariton River near Moulton, IA",IA,1919.11,train,21,ok,Q99,98.117712,82,82,35,0.07488250282683119,0.1381489957323968,3.9047619047619047,0.013558925454008275,12.0,30.5,0.08498979631183205,0.1614953681654517,
06906200,train,"East Fork Little Chariton R. nr Macon, MO",MO,268.9155,train,28,ok,Q99,18.304616648000014,18,18,31,0.11095986657518811,0.15510688822325228,0.6428571428571429,0.008985622195170082,38.0,141.5,0.04567387153213556,0.1368899896064005,
06908000,train,"Blackwater River at Blue Lick, MO",MO,2894.894,train,28,ok,Q99,313.60856,41,41,31,0.13205208895386153,0.1926982335104498,1.4642857142857142,0.021327362853918484,23.0,61.0,0.14256734788907643,0.19954537886361298,
06911000,train,"MARAIS DES CYGNES R AT MELVERN, KS",KS,875.5425,train,13,ok,Q99,56.845976,22,22,18,0.07398233666555307,0.09554636856577495,1.6923076923076923,0.012336829914751653,6.5,72.0,0.04835129762404452,0.08624804209961254,
06915800,train,"MARAIS DES CYGNES R AT LA CYGNE, KS",KS,7026.935,train,34,ok,Q99,560.67264,29,29,35,0.11525088534332537,0.1735210882127129,0.8529411764705882,0.015263816425985786,57.0,104.0,0.07596081079446443,0.168101072800588,
06916600,train,"MARAIS DES CYGNES R NR KS-MO ST LINE, KS",KS,8387.032,train,33,ok,Q99,665.4448,29,29,35,0.10280711460263894,0.14907875682362962,0.8787878787878788,0.014182352411863112,35.0,115.0,0.06820045040963241,0.13592822443028715,
06919020,train,"Sac River at Hwy J below Stockton, MO",MO,3322.945,train,29,ok,Q99,174.360696,138,138,33,0.05392040855325622,0.06626607301655608,4.758620689655173,0.13429023134725632,3.0,21.5,0.05833033528993107,0.09015850217201908,
06935755,train,"Bonhomme Creek near Ellisville, MO",MO,11.8683,train,24,ok,Q99,1.5213012094013219,300,300,29,0.4699265891536952,1.5166291634761937,12.5,0.3488388094464776,2.0,8.0,1.443083215278886,6.052399965014263,
06935955,train,"Fee Fee Creek near Bridgeton, MO",MO,30.222,train,26,ok,Q99,8.548369975221133,454,454,30,0.6602053206273575,1.7848303975009563,17.46153846153846,0.35518795481678983,2.0,6.0,2.2459707940590565,3.3967136255543844,
07001985,train,"Watkins Creek at Bellefontaine Neighbors, MO",MO,13.6296,train,23,ok,Q99,3.8558042761056,359,359,25,0.8580470740153783,2.549902604690121,15.608695652173912,0.4846286755530412,2.0,6.0,3.443615073076246,6.7459536307495185,
07010090,train,"MacKenzie Creek near Shrewsbury, MO",MO,9.4149,train,19,ok,Q99,2.2535453238944,417,417,23,0.5784729018783418,1.709552848605577,21.94736842105263,0.542776128474777,2.0,6.0,3.1965718114872383,4.4118719325199,
07010094,train,"Grammond Creek near Wilbur Park, MO",MO,1.5579,train,18,ok,Q99,0.2991245210475189,407,407,19,0.3637676024740997,0.7437974601226784,22.61111111111111,0.40920869964204903,1.0,6.0,1.1526780127772,1.741933175200051,
07021000,train,"Castor River at Zalma, MO",MO,1094.394,train,22,ok,Q99,177.68792,48,48,25,0.24897651851161462,0.7946678435737039,2.1818181818181817,0.02209055778185641,19.0,43.0,0.32213641522157466,0.8745550871075682,
07030050,train,"HATCHIE RIVER AT RIALTO, TN",TN,5967.874,train,21,ok,Q99,521.02912,16,16,23,0.11079276807787833,0.22870284459759035,0.7619047619047619,0.006845364467799474,26.5,99.5,0.0806628290074489,0.19444486663089738,
07050690,train,"Pearson Creek near Springfield, MO",MO,54.2268,train,24,ok,Q99,7.3057344,84,84,27,0.25489495968782966,1.0430784778006448,3.5,0.030988512028542612,5.0,24.5,0.5159256751274278,1.433678077998333,
07052250,train,"James River near Boaz, MO",MO,1202.085,train,23,ok,Q99,148.114562,81,81,24,0.22708373534317455,0.6024550343777686,3.5217391304347827,0.030756154690917862,13.0,25.0,0.4260764588194678,0.9166974648215391,
07055646,train,"Buffalo River near Boxley, AR",AR,152.9993,train,28,ok,Q99,33.413824,155,155,31,0.5256214374837009,1.853648417999298,5.535714285714286,0.07104017564072526,3.0,14.0,1.5676104139038545,3.4979736508598402,
07065200,train,"Jacks Fork near Mountain View, MO",MO,486.4167,train,19,ok,Q99,71.641504,112,112,20,0.3276782807827116,1.05718633426854,5.894736842105263,0.07083630401245082,4.0,13.5,0.9008787732822496,1.6987168080372244,
07065495,train,"Jacks Fork at Alley Spring, MO",MO,789.1665,train,30,ok,Q99,82.755848,140,140,33,0.22296120780595727,0.7106411942220054,4.666666666666667,0.043116225776363454,5.0,19.0,0.6333156817984544,1.3453921523531474,
07068000,train,"Current River at Doniphan, MO",MO,5318.585,train,29,ok,Q99,467.2272,65,65,31,0.1362975453057533,0.32357356702957646,2.2413793103448274,0.00916282967408626,22.0,36.0,0.15706162447342667,0.4333836010893875,
07145500,train,"NINNESCAH R NR PECK, KS",KS,5527.576,train,32,ok,Q99,144.41568,97,97,35,0.03980434389323639,0.08964942318296487,3.03125,0.02463101150721005,14.0,26.0,0.04794963434243148,0.1175175867324122,
07170500,train,"VERDIGRIS R AT INDEPENDENCE, KS",KS,7358.361,train,32,ok,Q99,545.0984,57,57,35,0.09043383438241206,0.11767943214528344,1.78125,0.015747712435776367,15.0,51.0,0.09043383438241206,0.15323724617479356,
07170990,train,"VERDIGRIS R AT COFFEYVILLE, KS",KS,8548.381,train,22,ok,Q99,724.91008,43,43,24,0.10384793097078851,0.12769817349039544,1.9545454545454546,0.01797711274700769,14.0,42.0,0.10475887773369016,0.13371870345975453,
07185090,train,"Tar Creek near Commerce, OK",OK,89.97778,train,12,ok,Q99,22.45224913599991,71,71,18,0.4366584727918382,1.3563949677353675,5.916666666666667,0.07465312975252247,9.0,20.0,0.8473534688230807,1.6132760332606562,
07187000,train,"Shoal Creek above Joplin, MO",MO,1110.443,train,28,ok,Q99,92.87202480000164,82,82,31,0.14573509131040496,0.4810660538181609,2.9285714285714284,0.021654935397193653,10.0,29.0,0.23638920322790094,0.6145609274856971,
07230000,train,"Little River blw Lk Thunderbird nr Norman, OK",OK,666.9027,train,32,ok,Q99,21.4924512,30,30,35,0.0386918271585945,0.053053978638862916,0.9375,0.013074199938778615,5.0,113.0,0.029000294045893056,0.050400218202745324,
07230500,train,"Little River near Tecumseh, OK",OK,1197.938,train,18,ok,Q99,51.536576,135,135,35,0.08994240436483357,0.1258011763547028,7.5,0.05023692407245914,4.0,14.0,0.10991647313967835,0.15017190405513473,
07233500,train,"Palo Duro Ck nr Spearman, TX",TX,2909.151,train,25,ok,Q99,0.6065246183999926,55,55,27,0.0018056011530511822,0.010545489429733969,2.2,0.14241108886895645,4.0,30.0,0.0031561518807377135,0.018167949068302068,
07239700,train,"North Canadian River near Yukon, OK",OK,34845.51,train,21,ok,Q99,86.790992,50,50,26,0.003551229871509988,0.0056848120288668464,2.380952380952381,0.02356799252059632,11.0,27.0,0.003502471566637997,0.006371085169940115,
07241800,train,"North Canadian River at Shawnee, OK",OK,36250.9,train,16,ok,Q99,155.03448,44,44,25,0.005536285168092379,0.008973273491140915,2.75,0.026317249707999344,13.0,35.5,0.005155482484572797,0.009857907417471015,
07242380,train,"Deep Fork at Warwick, OK",OK,1365.881,train,19,ok,Q99,61.872208,129,129,36,0.10469421567471837,0.24214424536251694,6.7894736842105265,0.0597896090444568,5.0,16.0,0.15134015335157308,0.2824670670431758,
07258500,train,"PETIT JEAN RIVER NEAR BOONEVILLE, ARK.",AR,623.9718,train,25,ok,Q99,134.646384,97,97,26,0.3655482892015312,0.7428957783028015,3.88,0.05193510983965383,10.0,22.0,0.584854571953412,1.0267572989676776,
07263012,train,"Fourche LaFave River near Aplin, AR",AR,2475.1,train,22,ok,Q99,222.75481511999902,67,67,23,0.12470329279625066,0.17893206415902388,3.0454545454545454,0.016097956325160305,9.0,27.0,0.16474563451981739,0.1999828952365561,
07281960,train,"YALOBUSHA RIVER AT VARDAMAN, MS",MS,221.9454,train,10,ok,Q99,68.07783472000025,68,68,14,0.42421856907149236,0.8611317990821166,6.8,0.07761599581559761,4.0,14.0,0.7203741640962147,0.881800493274472,
07297910,train,"Pr Dog Twn Fk Red Rv nr Wayside, TX",TX,9722.816,train,14,ok,Q99,10.028182344000049,119,119,18,0.002611701219070689,0.011892815085670656,8.5,0.2235471506308992,2.0,9.0,0.010218909007431592,0.024282923712636344,
07299540,train,"Pr Dog Twn Fk Red Rv nr Childress, TX",TX,18864.19,train,29,ok,Q99,36.10392,147,147,31,0.004548295156060239,0.01897374612957143,5.068965517241379,0.137372582918795,3.0,15.0,0.0066648285455140135,0.047997273140272655,
07305000,train,"North Fork Red River near Headrick, OK",OK,11834.5,train,30,ok,Q99,126.84935311999901,66,66,35,0.01951273851873759,0.05144376188263129,2.2,0.03061692605377485,17.0,35.0,0.014428180658244963,0.05799985060627826,
07307800,train,"Pease Rv nr Childress, TX",TX,7583.054,train,15,ok,Q99,20.202054623999803,59,59,17,0.005676016022040724,0.027018956531233988,3.933333333333333,0.08819857053844941,3.0,24.0,0.009877014722564286,0.0344986013286995,
07325800,train,"Cobb Creek near Eakly, OK",OK,342.2007,train,31,ok,Q99,8.5516736,153,153,35,0.062020450571842786,0.19065392677455087,4.935483870967742,0.05153754687463898,4.0,15.0,0.14832776204139853,0.33281688085383815,
07328100,train,"Washita River at Alex, OK",OK,12348.97,train,26,ok,Q99,203.597792,40,40,35,0.024994240005441752,0.04832601909309036,1.5384615384615385,0.013810242910096727,11.5,39.5,0.01616599926957471,0.048108179386620924,
07328180,train,"North Criner Creek near Criner, OK",OK,18.684,train,19,ok,Q99,0.4523891968000058,89,89,32,0.0560758724041961,0.2644659387711411,4.684210526315789,0.07643390168279167,2.0,15.0,0.007729377007064868,0.28170548062513384,
07359001,train,"Ouachita River below Remmel Dam at Jones Mill, AR",AR,4003.589,train,11,ok,Q99,283.026416,53,53,12,0.09141663642296949,0.23428828483643055,4.818181818181818,0.107882959263458,5.0,17.0,0.23163596463073508,0.3982900842219319,
07367005,train,"Ouachita River at West Monroe, LA",LA,38971.85,train,17,ok,Q99,2163.40352,10,10,18,0.05687432133706766,0.06634550343388881,0.5882352941176471,0.016053489220574417,41.0,180.5,0.04489456569292964,0.06283241057327277,
07372050,train,"Dugdemona River near Joyce, LA",LA,1905.953,train,21,ok,Q99,229.790832,25,25,24,0.18497001762372944,0.2595523058543417,1.1904761904761905,0.010355934434875244,24.0,88.0,0.17605579990692322,0.26022087218310214,
07377500,train,"Comite River near Olive Branch, LA",LA,389.6262,train,18,ok,Q99,76.313776,59,59,23,0.3601137295181895,1.0439300929968263,3.2777777777777777,0.043859519855055935,15.0,40.0,0.5705131739087361,1.594529813446837,
08013500,train,"CALCASIEU RIVER NEAR OBERLIN, LA.",LA,1966.531,train,25,ok,Q99,310.06896,33,33,30,0.24442924113578685,0.4010223484908197,1.32,0.010520570862422975,23.0,69.0,0.21419057212929773,0.4143777606353523,
08014800,train,"BUNDICK CK NR DE RIDDER, LA",LA,310.6413,train,17,ok,Q99,50.61628,40,40,18,0.3871848591929019,0.8580052942091094,2.3529411764705883,0.0322237223036276,12.5,41.0,0.42250778631173636,1.5785930074333325,
08017200,train,"Cowleech Fk Sabine Rv at Greenville, TX",TX,210.4038,train,33,ok,Q99,57.483104,147,147,34,0.5073783648394183,0.9986067552011897,4.454545454545454,0.097656579764751,9.0,20.0,0.8303778543923637,1.8077877680916408,
08017300,train,"S Fk Sabine Rv nr Quinlan, TX",TX,201.4569,train,25,ok,Q99,50.828656,96,96,26,0.5383451447927572,1.8887762097004372,3.84,0.09119957437086795,7.0,23.0,1.2351717910878208,2.5880626575709247,
08023400,train,"Bayou San Patricio near Benson, LA",LA,210.9654,train,27,ok,Q99,41.625696,84,84,29,0.36223932455274654,0.964338463084468,3.111111111111111,0.046542665624886126,11.0,27.0,0.566428883598922,1.4449305525929843,
08047000,train,"Clear Fk Trinity Rv nr Benbrook, TX",TX,1117.324,train,17,ok,Q99,48.209352,19,19,18,0.04916621499224934,0.07592885573029846,1.1176470588235294,0.021849223818396445,3.0,51.0,0.040676172712659886,0.07600488595966792,
08047050,train,"Marys Ck at Benbrook, TX",TX,139.8366,train,24,ok,Q99,7.0862792,235,235,28,0.08083666919819274,0.5947401581560191,9.791666666666666,0.21096966679765639,2.0,7.0,0.7510189177940539,2.7619372496184846,
08050100,train,"Mountain Ck at Grand Prairie, TX",TX,769.6179,train,17,ok,Q99,74.402392,63,63,18,0.1401825607226651,0.3406571134313733,3.7058823529411766,0.0710843623392303,9.0,20.0,0.23165996009188455,0.48061278200520036,
08050840,train,"Range Ck nr Collinsville, TX",TX,75.7062,train,32,ok,Q99,14.810677488000099,169,169,33,0.43014072823626076,1.3353064346116967,5.28125,0.14592428750990477,7.0,16.0,0.9594008416747902,2.456103558229049,
08064100,train,"Chambers Ck nr Rice, TX",TX,2135.638,train,17,ok,Q99,198.34856520000042,38,38,18,0.126509112499403,0.2672718391412777,2.235294117647059,0.027215291568915313,16.0,40.0,0.10849320718211607,0.30864046809431195,
08066170,train,"Kickapoo Ck nr Onalaska, TX",TX,149.1957,train,14,ok,Q99,24.6072992,99,99,17,0.4441234700463888,1.3956674944385128,7.071428571428571,0.14963695131947338,4.0,13.0,1.3655847722152852,3.047180475040501,
08082700,train,"Millers Ck nr Munday, TX",TX,276.0354,train,33,ok,Q99,6.1801416,65,65,34,0.048496559499252634,0.29041514530382706,1.9696969696969697,0.06912880066172578,15.0,42.0,0.03813558116096704,0.41423396564353704,
08083230,train,"Clear Fk Brazos Rv nr Noodle, TX",TX,3046.375,train,19,ok,Q99,9.636277832000149,50,50,20,0.005378460760740224,0.013564085314513155,2.6315789473684212,0.04862276190247896,10.0,24.5,0.005730518140412786,0.02077487111731157,
08091750,train,"Squaw Ck nr Glen Rose, TX",TX,181.9323,train,10,ok,Q99,5.1819744,19,19,12,0.06276372914540189,0.40786696150161333,1.9,0.036814098511442704,3.0,54.0,0.0628804626776004,0.5783757408662453,
08099500,train,"Leon Rv nr Hasse, TX",TX,3329.183,train,17,ok,Q99,62.5397765599995,9,9,18,0.026813999711040214,0.05481878767253108,0.5294117647058824,0.01086232677847435,11.0,60.0,0.004421864583593032,0.03347390828320342,
08104500,train,"Little Rv nr Little River, TX",TX,13646.63,train,17,ok,Q99,234.86237087999893,37,37,18,0.02137253226620785,0.03728780629356845,2.176470588235294,0.016351719350155072,6.0,17.0,0.016817900390059672,0.04671350802359264,
08123800,train,"Beals Ck nr Westbrook, TX",TX,25890.71,train,28,ok,Q99,8.742812,89,89,29,0.0006942292737433621,0.00272059128544563,3.1785714285714284,0.09070469493968966,11.0,25.0,0.0018510957791424028,0.005339468002229372,
08136000,train,"Concho Rv at San Angelo, TX",TX,14295.38,train,28,ok,Q99,6.0102408,184,184,29,0.0008841955652805313,0.0032639221342839523,6.571428571428571,0.1332928029071919,2.0,13.5,0.0028524035037893365,0.012269296737827187,
08146000,train,"San Saba Rv at San Saba, TX",TX,7891.807,train,26,ok,Q99,30.723728,65,65,28,0.008713166620001529,0.029553003986229977,2.5,0.02974872687398864,8.0,28.0,0.009915188919837295,0.0583608737517276,
08148500,train,"N Llano Rv nr Junction, TX",TX,2336.848,train,21,ok,Q99,7.3099111279999756,46,46,25,0.01850951024628046,0.16192034740813266,2.1904761904761907,0.09121222042126763,3.5,38.5,0.01297584324007997,0.337897016836354,
08151500,train,"Llano Rv at Llano, TX",TX,10887.42,train,28,ok,Q99,91.79952600707921,73,73,30,0.01976013490799473,0.2005793490101419,2.607142857142857,0.06833879445710427,3.0,27.0,0.027981061935523105,0.22483249254644375,
08158380,train,"Little Walnut Ck at Georgian Dr, Austin, TX",TX,13.5378,train,17,ok,Q99,2.897695890860738,271,271,18,0.8467834156136448,2.691474419772784,15.941176470588236,0.5352094389995966,2.0,6.0,3.543225584946919,8.022479772964767,
08158600,train,"Walnut Ck at Webberville Rd, Austin, TX",TX,134.586,train,17,ok,Q99,17.856956356799987,188,188,18,0.3082349724339827,0.8490137696132449,11.058823529411764,0.21236842906087414,2.0,8.0,0.7683957717597134,1.8977140068560312,
08158970,train,"Williamson Ck at Jimmy Clay Rd, Austin, TX",TX,71.2494,train,17,ok,Q99,3.02380948800014,178,178,19,0.1413699164329019,0.7842991670564796,10.470588235294118,0.3074799979057888,2.0,8.0,0.7501531240964837,2.369622769247476,
08160800,train,"Redgate Ck nr Columbus, TX",TX,44.6445,train,28,ok,Q99,2.2731452783999924,182,182,30,0.29255841145045863,1.6329357839934389,6.5,0.2673531649501127,3.0,11.0,1.0925352059044227,2.3426872470293096,
08181400,train,"Helotes Ck at Helotes, TX",TX,38.7909,train,31,ok,Q99,2.0812848,62,62,34,0.20439597946941163,2.960639263332379,2.0,0.18289243465078808,3.0,44.0,0.17346283793363906,3.565432366869549,
08189700,train,"Aransas Rv nr Skidmore, TX",TX,631.2708,train,29,ok,Q99,13.3230544,89,89,30,0.05382818277037366,0.19914184784089495,3.0689655172413794,0.07354699558277444,10.0,23.0,0.06414525113469527,0.4178076261407941,
08206600,train,"Frio Rv at Tilden, TX",TX,11557.8,train,33,ok,Q99,74.048432,30,30,35,0.011711078578968317,0.03855713371056778,0.9090909090909091,0.017556870740722198,29.5,75.5,0.004648906193220163,0.023243305957881263,
08210000,train,"Nueces Rv nr Three Rivers, TX",TX,39967.6,train,33,ok,Q99,216.06284736000117,21,21,35,0.008643625336522584,0.01409902821285241,0.6363636363636364,0.011671120759644292,41.0,107.0,0.004001219187541909,0.011435091223891355,
08275500,train,"RIO GRANDE DEL RANCHO NEAR TALPA, NM",NM,207.8658,train,19,ok,Q99,5.2952416,21,21,34,0.03024225052894704,0.05452459808203177,1.105263157894737,0.0132661507966013,35.0,88.0,0.014542163261104038,0.049708996477535024,
08289000,train,"RIO OJO CALIENTE AT LA MADERA, NM",NM,1066.925,train,31,ok,Q99,19.326216,58,58,35,0.023886514984652156,0.0383172876069077,1.8709677419354838,0.03490957050784248,25.5,36.5,0.02466282672165335,0.042332212667244656,
08317950,train,"GALISTEO CREEK BELOW GALISTEO DAM, NM",NM,1536.176,train,21,ok,Q99,1.9752313048000016,178,178,35,0.005205104363041735,0.02278356438324776,8.476190476190476,0.2999270895937939,3.0,15.0,0.018221321515243045,0.04473763006322194,
08329928,train,"RIO GRANDE NR ALAMEDA, NM",NM,44583.7,train,18,ok,Q99,140.026576,22,22,25,0.0034297449516303043,0.003851000199624527,1.2222222222222223,0.019085308662876298,21.0,80.0,0.0026993363045238507,0.0036723676500604488,
08332010,train,"RIO GRANDE FLOODWAY NEAR BERNARDO, NM",NM,49128.08,train,22,ok,Q99,142.504296,23,23,30,0.0031701299949031185,0.003950558360921086,1.0454545454545454,0.01001888652190106,24.0,82.0,0.001977008342275945,0.003846232264725184,
08382600,train,"PECOS R ABV CANON DEL UTA NR COLONIAS, NM",NM,6336.304,train,29,ok,Q99,31.77647583200015,101,101,35,0.009909957603044299,0.026992624091268347,3.4827586206896552,0.06294775593562785,3.0,15.0,0.012725413427133545,0.044247346213186746,
08398500,train,"RIO PENASCO AT DAYTON, NM",NM,2736.869,train,23,ok,Q99,0.003964352,45,45,27,0.0007713257156261406,0.004782115972668038,1.9565217391304348,0.23596283874798282,3.0,46.0,2.45210187261429e-05,0.0071617928954582875,
08408500,train,"DELAWARE RIVER NR RED BLUFF, NM",NM,2024.692,train,30,ok,Q99,1.0548008,146,146,35,0.0035509773931047288,0.026905052225227342,4.866666666666666,0.2543767613880422,3.0,18.5,0.01443327557969311,0.08527800178990187,
08447020,train,"Independence Ck nr Sheffield, TX",TX,1994.675,train,22,ok,Q99,1.8335128,75,75,24,0.0017539401857445448,0.0642023026307544,3.409090909090909,0.10622938937767673,2.0,18.0,0.014178452128792911,0.5605013628786643,
09024000,train,"FRASER RIVER AT WINTER PARK, CO.",CO,71.6175,train,17,ok,Q99,6.760636,32,32,39,0.11253770656613256,0.15321339058191089,1.8823529411764706,0.02157721936249275,15.0,46.0,0.08560180402834502,0.13593487401822177,
09074000,train,"HUNTER CREEK NEAR ASPEN, CO.",CO,109.6122,train,11,ok,Q99,12.4027584,41,41,30,0.15267669839671133,0.22991922431992057,3.727272727272727,0.037137080077308995,27.0,77.0,0.14415160356237716,0.2304294383289451,
09177000,train,"SAN MIGUEL RIVER AT URAVAN, CO.",CO,3887.755,train,25,ok,Q99,56.492016,45,45,32,0.017444189770188707,0.02742270333392922,1.8,0.022672120605080306,6.0,32.0,0.015186277941897058,0.028782913120811368,
09196500,train,"PINE CREEK ABOVE FREMONT LAKE, WY",WY,194.8815,train,25,ok,Q99,41.342528,40,40,33,0.25718570515928907,0.332815738795114,1.6,0.00900190369818388,25.5,62.5,0.25427965199364744,0.33049089626260064,
09346400,train,"SAN JUAN RIVER NEAR CARRACAS, CO.",CO,3248.188,train,11,ok,Q99,83.039016,45,45,29,0.029487694677771115,0.040014343997330205,4.090909090909091,0.01862958224625623,7.0,25.0,0.026545463501496832,0.041605328263019256,
09408195,train,"FORT PEARCE WASH NEAR ST. GEORGE, UT",UT,3473.1,train,23,ok,Q99,1.1888336438944,124,124,28,0.0020556198209092744,0.011979055713100206,5.391304347826087,0.37643171332903264,2.0,14.5,0.007539039198410642,0.04229256882981538,
09415460,train,"WHITE RV NR RED MTN NR PRESTON, NV",NV,73.20689,train,13,ok,Q99,1.9892552,9,9,15,0.050478068389464434,0.06405492816318245,0.6923076923076923,0.013936420298028624,32.0,107.0,0.00686579091121068,0.06123125077434651,
10105900,train,"LITTLE BEAR RIVER AT PARADISE, UT",UT,530.1234,train,30,ok,Q99,18.830672,44,44,33,0.046711844072531046,0.0694134263833666,1.4666666666666666,0.01818177544886336,17.0,36.5,0.029712365083299476,0.06292344461685714,
10172952,train,"DUNN CREEK NEAR PARK VALLEY, UT",UT,22.5072,train,29,ok,Q99,1.1893056,37,37,38,0.06668045780905665,0.09365459017558823,1.2758620689655173,0.017864801931742547,28.0,67.0,0.04727392834293026,0.09332747849577025,
10205030,train,"SALINA CREEK NEAR EMERY, UT",UT,134.5977,train,18,ok,Q99,2.74893123119999,44,44,38,0.02582426891395618,0.042050956175328405,2.4444444444444446,0.0180492145494256,26.5,62.5,0.019460243377115657,0.04308603074198149,
10242000,train,"COAL CREEK NEAR CEDAR CITY, UT",UT,208.6857,train,26,ok,Q99,10.3214736,60,60,38,0.07390078572705269,0.1252123893491504,2.3076923076923075,0.04957722530500385,4.0,14.5,0.059624042701536324,0.13232599722932628,
103087891,train,ASPEN C ABV LEVIATHAN MINE NR MARKLEEVILLE CA,CA,1.5048,train,11,ok,Q99,0.027467296,21,21,18,0.024321812865497075,0.03862322700691122,1.9090909090909092,0.020525654547804636,4.0,31.0,0.010561406166932484,0.02764783253588517,
10321940,train,"MAGGIE CK ABV MAGGIE CK CYN NR CARLIN, NV",NV,877.7223,train,25,ok,Q99,11.229734956035497,20,20,29,0.016566375036842516,0.024986674714770268,0.8,0.014306897327959592,18.0,55.5,0.0023551029750525877,0.020050636972536756,
10329500,train,"MARTIN C NR PARADISE VALLEY, NV",NV,454.5207,train,33,ok,Q99,8.474746289557816,64,64,35,0.027162953854466917,0.0732029146307308,1.9393939393939394,0.023395748830685452,12.5,39.0,0.016883395629725996,0.10415580661025509,
11045300,train,FALLBROOK C NR FALLBROOK CA,CA,18.2817,train,31,ok,Q99,0.566336,148,148,32,0.09603273218573764,0.477879011251689,4.774193548387097,0.1674502480571965,3.0,14.5,0.20252064085943866,1.1824804607886577,
11048553,train,SAND CYN C A IRVINE CA,CA,21.618,train,12,ok,Q99,0.3724791872000025,64,64,14,0.05141245258580812,0.20946808548431883,5.333333333333333,0.17299906803983178,3.0,10.5,0.07974933749897309,0.5841109549449538,
11077500,train,SANTIAGO C A SANTA ANA CA,CA,240.7761,train,33,ok,Q99,1.1904099552000396,226,226,37,0.028137320938415394,0.10932392940993728,6.848484848484849,0.27752982630050715,2.0,11.0,0.07658525974961801,0.20251814694232523,
11140000,train,SISQUOC R NR GAREY,CA,1220.496,train,18,ok,Q99,40.41019736481364,53,53,31,0.07232930218534103,0.26901628190506166,2.9444444444444446,0.05625530515253082,7.0,35.0,0.03665767360155215,0.2847930021892739,
11203580,train,SF TULE R NR CHOLOLLO CAMPGROUND NR PORTERVILLE CA,CA,51.9264,train,23,ok,Q99,3.893701583999926,50,50,26,0.12610656621679917,0.5633623390028965,2.1739130434782608,0.03149745279831961,4.0,13.5,0.11267792105749677,0.6289650197202193,
11204100,train,SF TULE R NR RESERVATION BNDRY NR PORTERVILLE CA,CA,249.147,train,23,ok,Q99,11.42108573599991,48,48,26,0.0939216430460732,0.29348560006743046,2.0869565217391304,0.032124414785443915,4.0,13.5,0.0743871914973891,0.4171138163413567,
11451715,train,BEAR C AB HOLSTEN CHIMNEY CYN NR RUMSEY CA,CA,247.9203,train,25,ok,Q99,21.225140607999936,99,99,28,0.2073044926131503,0.510266016941735,3.96,0.07137945294839194,7.0,24.0,0.3589280264665701,0.6580061608508864,
12076800,train,"GOLDSBOROUGH CREEK ABOVE 7TH STREET AT SHELTON, WA",WA,154.8036,train,19,ok,Q99,23.0852712,35,35,20,0.2117308383009181,0.35514075383259824,1.8421052631578947,0.012462436539235898,17.0,43.0,0.21333139539390558,0.4336595117942994,
12175500,train,"THUNDER CREEK NEAR NEWHALEM, WA",WA,273.8205,train,30,ok,Q99,70.721208,128,128,36,0.31993623559959905,0.6235072479964064,4.266666666666667,0.01645983892813352,6.5,19.0,0.4062867024200161,0.8549730352548477,
12210700,train,"NOOKSACK RIVER AT NORTH CEDARVILLE, WA",WA,1524.798,train,19,ok,Q99,460.148,95,95,21,0.45916434832679476,0.7063424060105015,5.0,0.019184920554081,6.0,16.0,0.595660120225761,0.968470000616475,
12344000,train,Bitterroot River near Darby MT,MT,2718.683,train,30,ok,Q99,174.997824,33,33,35,0.07421137366879478,0.09635500600842394,1.1,0.0077189672146967155,31.0,73.0,0.06012423221096391,0.0961831480904541,
12456500,train,"CHIWAWA RIVER NEAR PLAIN, WA",WA,445.7034,train,20,ok,Q99,85.799904,34,34,35,0.22832112117610054,0.28475416072661774,1.7,0.006905381078285957,29.0,61.0,0.19996959412918996,0.28373763538712066,
13018350,train,"FLAT CREEK BELOW CACHE CREEK, NEAR JACKSON, WY",WY,333.0387,train,17,ok,Q99,7.4614768,13,13,33,0.024062231806693937,0.025520420059290404,0.7647058823529411,0.00981395370850792,47.0,116.0,0.019683415771200162,0.02430030335813826,
14020000,train,"UMATILLA RIVER ABOVE MEACHAM CREEK, NR GIBBON, OR",OR,341.4267,train,34,ok,Q99,40.280648,79,79,36,0.15592097513170472,0.319969745775594,2.323529411764706,0.012344639865614184,12.0,37.0,0.18028362749603355,0.383893198745148,
14138850,train,"BULL RUN RIVER NEAR MULTNOMAH FALLS, OR",OR,124.4574,train,33,ok,Q99,76.738528,148,148,34,0.8876203102427015,1.453581353941188,4.484848484848484,0.028030501964237422,5.5,17.5,1.2837930408316418,1.9910452636805847,
14142500,train,"SANDY RIVER BLW BULL RUN RIVER, NR BULL RUN, OR",OR,1117.501,train,32,ok,Q99,341.21744,107,107,38,0.45357518248305817,0.8334127235680326,3.34375,0.018334956767806325,7.0,25.0,0.6128966327546911,1.0209242515219226,
14200000,train,"MOLALLA RIVER NEAR CANBY, OR",OR,842.6178,train,23,ok,Q99,193.828496,73,73,25,0.3175743023705409,0.5316429061906833,3.1739130434782608,0.01479129909911609,8.0,26.0,0.404949242705293,0.5844039278543606,
14201340,train,"PUDDING RIVER NEAR WOODBURN, OR",OR,819.297,train,26,ok,Q99,122.894912,28,28,28,0.1900927258369065,0.2901506242546964,1.0769230769230769,0.006325591955182203,27.5,81.5,0.1716450908522794,0.2726102500070182,
14203500,train,"TUALATIN RIVER NEAR DILLEY, OR",OR,324.7677,train,34,ok,Q99,64.137552,52,52,39,0.2692020173188405,0.35874710939542326,1.5294117647058822,0.008067315535186387,14.0,39.5,0.2360694613411371,0.3665506982375404,
01077400,validation,"COCKERMOUTH RIVER BELOW HARDY BROOK, AT GROTON, NH",NH,56.1951,validation,16,ok,Q99,13.1106784,115,115,18,0.3919094582979655,0.8077542419178899,7.1875,0.06307955931599027,3.0,12.0,0.731497135194122,2.7752379834332856,
01135500,validation,"PASSUMPSIC RIVER AT PASSUMPSIC, VT",VT,1124.902,validation,10,ok,Q99,154.892896,77,77,35,0.17759326945813947,0.28621339103317445,7.7,0.023831241243000546,10.0,28.0,0.18917270304435407,0.33127249129257486,
01594526,validation,"WESTERN BRANCH AT UPPER MARLBORO, MD",MD,233.5851,validation,31,ok,Q99,30.0866,121,121,34,0.19608452765180656,0.36065005858678484,3.903225806451613,0.04519028333235533,10.0,23.0,0.2871562441268728,0.5720697904104328,
01613525,validation,"LICKING CREEK AT PECTONVILLE, MD",MD,502.1271,validation,18,ok,Q99,52.810832,68,68,19,0.1710843569287537,0.3141692467903047,3.7777777777777777,0.025576398211726508,9.5,22.0,0.27407333322579086,0.38993416925714625,
02030000,validation,"HARDWARE RIVER BL BRIERY RUN NR SCOTTSVILLE, VA",VA,299.5254,validation,31,ok,Q99,28.6141264,166,166,35,0.16118881403714008,0.42554319600274304,5.354838709677419,0.03362340263624889,7.0,17.0,0.33088612852198845,0.6212150715765675,
02066000,validation,"ROANOKE (STAUNTON) RIVER AT RANDOLPH, VA",VA,7686.307,validation,34,ok,Q99,597.48448,64,64,35,0.10098923709396462,0.1414494029447432,1.8823529411764706,0.013416682515364526,19.5,44.0,0.09652231689418599,0.1577697794272334,
02304500,validation,HILLSBOROUGH RIVER NEAR TAMPA FL,FL,1600.519,validation,17,ok,Q99,43.324704,84,84,18,0.032398953089591565,0.03896720501287395,4.9411764705882355,0.03430649122028533,2.0,7.5,0.037131632926569444,0.049679869092463136,
02421000,validation,CATOMA CREEK NEAR MONTGOMERY AL,AL,759.1977,validation,30,ok,Q99,129.974112,59,59,31,0.2771265297563467,0.6221360048904261,1.9666666666666666,0.03515618983980422,18.0,42.0,0.3632856527357762,0.7664805096221973,
03042280,validation,"Yellow Creek near Homer City, PA",PA,154.4994,validation,30,ok,Q99,19.6518592,72,72,34,0.20710749685759294,0.49398803619949333,2.4,0.013744670652325751,10.5,39.5,0.26575740747213256,0.6002909991883463,
03049500,validation,"Allegheny River at Natrona, PA",PA,29543.64,validation,33,ok,Q99,2188.88864,60,60,34,0.08899427694082382,0.13639079815486516,1.8181818181818181,0.013556733855421168,15.0,37.0,0.08956936112137841,0.1396496085113412,
03271601,validation,Great Miami River below Miamisburg OH,OH,7019.35,validation,23,ok,Q99,671.81608,47,47,27,0.11598053950864395,0.15059316660374533,2.0434782608695654,0.017271639704159455,22.0,44.0,0.11557712893643998,0.15490965972632795,
03505550,validation,"NANTAHALA RIVER NEAR HEWITT, NC",NC,376.2198,validation,19,ok,Q99,50.545488,44,44,20,0.176312102659137,0.261457488415017,2.3157894736842106,0.08171152684950427,4.0,14.0,0.16276410757753845,0.2907738444388094,
05484000,validation,"South Raccoon River at Redfield, IA",IA,2548.053,validation,20,ok,Q99,182.64336,93,93,35,0.10890850386550044,0.2241514819354228,4.65,0.023923471717398632,7.0,19.0,0.13335735167204138,0.3571754402282842,
05508805,validation,"Spencer Cr. bl Plum Cr. nr Frankford, MO",MO,536.4018,validation,27,ok,Q99,82.11872,165,165,31,0.3023563157319756,0.5751500759318854,6.111111111111111,0.09087924029675595,5.0,14.0,0.547699131509253,0.8525629854336806,
06192500,validation,Yellowstone River near Livingston MT,MT,9208.975,validation,29,ok,Q99,656.24184,25,25,30,0.08002461946090633,0.11549374474357894,0.8620689655172413,0.007523540344600634,33.0,83.0,0.07126111646518749,0.1141869065775507,
06808500,validation,"West Nishnabotna River at Randolph, IA",IA,3428.401,validation,19,ok,Q99,153.193888,93,93,35,0.06419678678194296,0.14511901495770185,4.894736842105263,0.013329141278516827,7.0,20.0,0.06750057767454858,0.20479373795539088,
06814500,validation,"NORTH FORK BIG NEMAHA RIVER AT HUMBOLDT, NEBR.",NE,1422.436,validation,11,ok,Q99,94.03726111999902,59,59,17,0.12531618716061743,0.2721322126267896,5.363636363636363,0.060927912968614654,5.0,19.0,0.14363086423571958,0.5861692026917205,
06889500,validation,"SOLDIER C NR TOPEKA, KS",KS,748.5822,validation,33,ok,Q99,82.88752111999901,138,138,35,0.21145428250898834,0.484472401294073,4.181818181818182,0.06769512065176285,6.0,20.5,0.3427148120807575,0.7228785936935183,
06910230,validation,"HINKSON CREEK AT COLUMBIA, MO",MO,181.881,validation,17,ok,Q99,39.077184,126,126,20,0.4982035506732424,1.108113678724001,7.411764705882353,0.13794670225020136,4.0,12.5,1.1381615803739809,1.9679040251593076,
07061270,validation,"East Fork Black River near Lesterville, MO",MO,135.3564,validation,21,ok,Q99,30.157392,118,118,22,0.5669368275160982,1.5274868066822107,5.619047619047619,0.08231539571020284,3.0,14.5,1.4149885487498188,3.1539260559530256,
07158000,validation,"Cimarron River near Waynoka, OK",OK,29858.28,validation,29,ok,Q99,55.784096,79,79,35,0.003333532675023478,0.010119144706259036,2.7241379310344827,0.030159352427098197,8.0,30.0,0.004386227203978261,0.012366789781594924,
07287160,validation,"ABIACA CREEK AT CRUGER, MS",MS,252.0306,validation,18,ok,Q99,35.466792,85,85,23,0.19999120741687715,0.3148737970706732,4.722222222222222,0.03536846333983189,7.0,18.0,0.2471801439983875,0.3406591802741413,
07307028,validation,"North Fork Red River near Tipton, OK",OK,13033.75,validation,26,ok,Q99,160.40617696000032,54,54,35,0.019303329279754484,0.04768802224992809,2.076923076923077,0.027811606841009993,15.0,37.5,0.01642466734439436,0.0469276209839839,
08143600,validation,"Pecan Bayou nr Mullin, TX",TX,5373.585,validation,28,ok,Q99,86.90340111147883,45,45,29,0.02841647503482312,0.07198313379243095,1.6071428571428572,0.030202341103271198,8.0,33.0,0.020424204199597475,0.07635692596283486,
08164503,validation,"W Mustang Ck nr Ganado, TX",TX,444.879,validation,32,ok,Q99,79.21247242817749,60,60,34,0.2946225557960704,0.49343509763328913,1.875,0.03301072962284617,18.0,44.0,0.2808581209722194,0.6512089372615923,
08208000,validation,"Atascosa Rv at Whitsett, TX",TX,2972.153,validation,33,ok,Q99,63.995968,59,59,34,0.04008640739558159,0.10422942291328884,1.7878787878787878,0.036931402003803245,16.0,46.0,0.028582108659951224,0.10994108096050237,
08379500,validation,"PECOS RIVER NEAR ANTON CHICO, NM",NM,2701.843,validation,33,ok,Q99,27.5522464,135,135,35,0.02033226653066074,0.05445169626806591,4.090909090909091,0.05171567736293183,2.0,9.0,0.04357288561918661,0.07726785309138985,
09183600,validation,"MILL CREEK BELOW SHELEY TUNNEL, NEAR MOAB, UT",UT,75.3372,validation,21,ok,Q99,1.4149999322904325,60,60,22,0.030871245255369197,0.09431528744896282,2.857142857142857,0.03800103075322326,2.0,5.0,0.04585269457780751,0.1265827548674493,
10309000,validation,"EAST FORK CARSON RIVER NEAR GARDNERVILLE, NV",NV,925.4421,validation,32,ok,Q99,79.924168,45,45,35,0.11114771631850334,0.20803670289043477,1.40625,0.017932029957763492,13.0,50.0,0.06938126545139885,0.20803670289043477,
11176900,validation,ARROYO DE LA LAGUNA A VERONA CA,CA,1044.58,validation,21,ok,Q99,36.245504,82,82,22,0.05814732811273431,0.16609940148193542,3.9047619047619047,0.08885192074124512,3.0,10.0,0.10782330888969731,0.2326909686189666,
12155300,validation,"PILCHUCK RIVER NEAR SNOHOMISH, WA",WA,333.4392,validation,31,ok,Q99,82.22349215999868,120,120,34,0.3407552561306529,0.5219224057639295,3.870967741935484,0.02131985855838988,8.0,23.0,0.43958489583708205,0.6335712369751366,
